date,00:00:00,01:00:00,02:00:00,03:00:00,04:00:00,05:00:00,06:00:00,07:00:00,08:00:00,09:00:00,10:00:00,11:00:00,12:00:00,13:00:00,14:00:00,15:00:00,16:00:00,17:00:00,18:00:00,19:00:00,20:00:00,21:00:00,22:00:00,23:00:00
2021-09-16,0.0,0.0,0.0,0.0,0.0,0.0,0.0,0.0,0.0,0.0,0.0,0.0,0.0,0.0,0.0,0.0,0.0,0.0,0.0,0.0,0.0,0.0,0.0,0.0
2021-09-17,0.0,0.0,0.0,0.0,0.0,0.0,0.0,0.0,0.0,0.0,0.0,0.0,0.0,0.0,0.0,0.0,0.0,0.0,0.0,0.0,0.0,0.0,0.0,0.0
2021-09-18,0.0,0.0,0.0,0.0,0.0,0.0,0.0,0.0,0.0,0.0,0.0,0.0,0.0,0.0,0.0,0.0,0.0,0.0,0.0,0.0,0.0,0.0,0.0,0.0
2021-09-19,0.0,0.0,0.0,0.0,0.0,0.0,0.0,0.0,0.0,0.0,0.0,0.0,0.0,0.0,0.0,0.0,0.0,0.0,0.0,0.0,0.0,0.0,0.0,0.0
2021-09-20,0.0,0.0,0.0,0.0,0.0,0.0,0.0,0.0,0.0,0.0,0.0,0.0,0.0,0.0,0.0,0.0,0.0,0.0,0.0,0.0,0.0,0.0,0.0,0.0
2021-09-21,0.0,0.0,0.0,0.0,0.0,0.0,0.0,0.0,0.0,0.0,0.0,0.0,0.0,0.0,0.0,0.0,0.0,0.0,0.0,0.0,0.0,0.0,0.0,0.0
2021-09-22,0.0,0.0,0.0,0.0,0.0,0.0,0.0,0.0,0.0,0.0,0.0,0.0,0.0,0.0,0.0,0.0,0.0,0.0,0.0,0.0,0.0,0.0,0.0,0.0
2021-09-23,0.0,0.0,0.0,0.0,0.0,0.0,0.0,0.0,0.0,0.0,0.0,0.0,0.0,0.0,0.0,0.0,0.0,0.0,0.0,0.0,0.0,0.0,0.0,0.0
2021-09-24,0.0,0.0,0.0,0.0,0.0,0.0,0.0,0.0,0.0,0.0,0.0,0.0,0.0,0.0,0.0,0.0,0.0,0.0,0.0,0.0,0.0,0.0,0.0,0.0
2021-09-25,0.0,0.0,0.0,0.0,0.0,0.0,0.0,0.0,0.0,0.0,0.0,0.0,0.0,0.0,0.0,0.0,0.0,0.0,0.0,0.0,0.0,0.0,0.0,0.0
2021-09-26,0.0,0.0,0.0,0.0,0.0,0.0,0.0,0.0,0.0,0.0,0.0,0.0,0.0,0.0,0.0,0.0,0.0,0.0,0.0,0.0,0.0,0.0,0.0,0.0
2021-09-27,0.0,0.0,0.0,0.0,0.0,0.0,0.0,0.0,0.0,0.0,0.0,0.0,0.0,0.0,0.0,0.0,0.0,0.0,0.0,0.0,0.0,0.0,0.0,0.0
2021-09-28,0.0,0.0,0.0,0.0,0.0,0.0,0.0,0.0,0.0,0.0,0.0,0.0,0.0,0.0,0.0,0.0,0.0,0.0,0.0,0.0,0.0,0.0,0.0,0.0
2021-09-29,0.0,0.0,0.0,0.0,0.0,0.0,0.0,0.0,0.0,0.0,0.0,0.0,0.0,0.0,0.0,0.0,0.0,0.0,0.0,0.0,0.0,0.0,0.0,0.0
2021-09-30,0.0,0.0,0.0,0.0,0.0,0.0,0.0,0.0,0.0,0.0,0.0,0.0,0.0,0.0,0.0,0.0,0.0,0.0,0.0,0.0,0.0,0.0,0.0,0.0
2021-10-01,0.0,0.0,0.0,0.0,0.0,0.0,0.0,0.0,0.0,0.0,0.0,0.0,0.0,0.0,0.0,0.0,0.0,0.0,0.0,0.0,0.0,0.0,0.0,0.0
2021-10-02,0.0,0.0,0.0,0.0,0.0,0.0,0.0,0.0,0.0,0.0,0.0,0.0,0.0,0.0,0.0,0.0,0.0,0.0,0.0,0.0,0.0,0.0,0.0,0.0
2021-10-03,0.0,0.0,0.0,0.0,0.0,0.0,0.0,0.0,0.0,0.0,0.0,0.0,0.0,0.0,0.0,0.0,0.0,0.0,0.0,0.0,0.0,0.0,0.0,0.0
2021-10-04,0.0,0.0,0.0,0.0,0.0,0.0,0.0,0.0,0.0,0.0,0.0,0.0,0.0,0.0,0.0,0.0,0.0,0.0,0.0,0.0,0.0,0.0,0.0,0.0
2021-10-05,0.0,0.0,0.0,0.0,0.0,0.0,0.0,0.0,0.0,0.0,0.0,0.0,0.0,0.0,0.0,0.0,0.0,0.0,0.0,0.0,0.0,0.0,0.0,0.0
2021-10-06,0.0,0.0,0.0,0.0,0.0,0.0,0.0,0.0,0.0,0.0,0.0,0.0,0.0,0.0,0.0,0.0,0.0,0.0,0.0,0.0,0.0,0.0,0.0,0.0
2021-10-07,0.0,0.0,0.0,0.0,0.0,0.0,0.0,0.0,0.0,0.0,0.0,0.0,0.0,0.0,0.0,0.0,0.0,0.0,0.0,0.0,0.0,0.0,0.0,0.0
2021-10-08,0.0,0.0,0.0,0.0,0.0,0.0,0.0,0.0,0.0,0.0,0.0,0.0,0.0,0.0,0.0,0.0,0.0,0.0,0.0,0.0,0.0,0.0,0.0,0.0
2021-10-09,0.0,0.0,0.0,0.0,0.0,0.0,0.0,0.0,0.0,0.0,0.0,0.0,0.0,0.0,0.0,0.0,0.0,0.0,0.0,0.0,0.0,0.0,0.0,0.0
2021-10-10,0.0,0.0,0.0,0.0,0.0,0.0,0.0,0.0,0.0,0.0,0.0,0.0,0.0,0.0,0.0,0.0,0.0,0.0,0.0,0.0,0.0,0.0,0.0,0.0
2021-10-11,0.0,0.0,0.0,0.0,0.0,0.0,0.0,0.0,0.0,0.0,0.0,0.0,0.0,0.0,0.0,0.0,0.0,0.0,0.0,0.0,0.0,0.0,0.0,0.0
2021-10-12,0.0,0.0,0.0,0.0,0.0,0.0,0.0,0.0,0.0,0.0,0.0,0.0,0.0,0.0,0.0,0.0,0.0,0.0,0.0,0.0,0.0,0.0,0.0,0.0
2021-10-13,0.0,0.0,0.0,0.0,0.0,0.0,0.0,0.0,0.0,0.0,0.0,0.0,0.0,0.0,0.0,0.0,0.0,0.0,0.0,0.0,0.0,0.0,0.0,0.0
2021-10-14,0.0,0.0,0.0,0.0,0.0,0.0,0.0,0.0,0.0,0.0,0.0,0.0,0.0,0.0,0.0,0.0,0.0,0.0,0.0,0.0,0.0,0.0,0.0,0.0
2021-10-15,0.0,0.0,0.0,0.0,0.0,0.0,0.0,0.0,0.0,0.0,0.0,0.0,0.0,0.0,0.0,0.0,0.0,0.0,0.0,0.0,0.0,0.0,0.0,0.0
2021-10-16,0.0,0.0,0.0,0.0,0.0,0.0,0.0,0.0,0.0,0.0,0.0,0.0,0.0,0.0,0.0,0.0,0.0,0.0,0.0,0.0,0.0,0.0,0.0,0.0
2021-10-17,0.0,0.0,0.0,0.0,0.0,0.0,0.0,0.0,0.0,0.0,0.0,0.0,0.0,0.0,0.0,0.0,0.0,0.0,0.0,0.0,0.0,0.0,0.0,0.0
2021-10-18,0.0,0.0,0.0,0.0,0.0,0.0,0.0,0.0,0.0,0.0,0.0,0.0,0.0,0.0,0.0,0.0,0.0,0.0,0.0,0.0,0.0,0.0,0.0,0.0
2021-10-19,0.0,0.0,0.0,0.0,0.0,0.0,0.0,0.0,0.0,0.0,0.0,0.0,0.0,0.0,0.0,0.0,0.0,0.0,0.0,0.0,0.0,0.0,0.0,0.0
2021-10-20,0.0,0.0,0.0,0.0,0.0,0.0,0.0,0.0,0.0,0.0,0.0,0.0,0.0,11378.948555076948,11378.948555076948,11378.94855507695,11378.948555076946,11378.948555076946,11378.948555076951,11378.948555076946,11378.948555076946,11378.948555076946,11378.948555076946,11378.948555076946
2021-10-21,11378.94855507696,11378.948555076931,11378.94855507696,11378.948555076931,11378.94855507696,11378.94855507696,11378.948555076931,11378.94855507696,11378.948555076931,11378.94855507696,11378.948555076931,11378.94855507696,11378.94855507696,11378.94855507696,11378.948555076902,11378.94855507696,11378.94855507696,11378.94855507696,11378.948555076902,11378.94855507696,11378.94855507696,11378.94855507696,11378.94855507696,11378.948555076902
2021-10-22,11378.94855507696,11378.94855507696,11378.94855507696,11378.948555076902,11378.94855507696,11378.94855507696,11378.94855507696,11378.94855507696,11378.948555076902,11378.94855507696,11378.94855507696,11378.94855507696,11378.94855507696,11378.94855507696,11378.94855507696,11378.948555076844,11378.94855507696,11378.94855507696,11378.94855507696,11378.94855507696,11378.94855507696,11378.94855507696,11378.94855507696,11378.94855507696
2021-10-23,11378.948555076844,11378.94855507696,11378.94855507696,11378.94855507696,11378.94855507696,11378.94855507696,11378.94855507696,11378.94855507696,11378.94855507696,11378.948555076844,11378.94855507696,11378.94855507696,11378.94855507696,11378.94855507696,11378.94855507696,11378.94855507696,11378.94855507696,11378.94855507696,11378.948555076844,11378.94855507696,11378.94855507696,11378.94855507696,11378.94855507696,11378.94855507696
2021-10-24,11378.94855507696,11378.94855507696,11378.94855507696,11378.948555076844,11378.94855507696,11378.94855507696,11378.94855507696,11378.94855507696,11378.94855507696,11378.94855507696,11378.94855507696,11378.94855507696,11378.94855507696,11378.94855507696,11378.94855507696,11378.94855507696,11378.94855507696,11378.948555076728,11378.94855507696,11378.94855507696,11378.94855507696,11378.94855507696,11378.94855507696,11378.94855507696
2021-10-25,11378.94855507696,11378.94855507696,11378.94855507696,11378.94855507696,11378.94855507696,11378.94855507696,11378.94855507696,11378.94855507696,11378.94855507696,11378.94855507696,11378.94855507696,11378.948555076728,11378.94855507696,11378.94855507696,11378.94855507696,11378.94855507696,11378.94855507696,11378.94855507696,11378.94855507696,11378.94855507696,11378.94855507696,11378.94855507696,11378.94855507696,11378.94855507696
2021-10-26,11378.94855507696,11378.94855507696,11378.94855507696,11378.94855507696,11378.94855507696,11378.94855507696,11378.948555076728,11378.94855507696,11378.94855507696,11378.94855507696,11378.94855507696,11378.94855507696,11378.94855507696,11378.94855507696,11378.94855507696,11378.94855507696,11378.94855507696,11378.94855507696,11378.94855507696,11378.94855507696,11378.94855507696,11378.94855507696,11378.94855507696,11378.94855507696
2021-10-27,11378.948555076728,11378.94855507696,11378.94855507696,11378.94855507696,11378.94855507696,11378.94855507696,11378.94855507696,11378.94855507696,11378.94855507696,11378.94855507696,11378.94855507696,11378.94855507696,11378.94855507696,11378.94855507696,11378.94855507696,11378.94855507696,11378.94855507696,11378.94855507696,11378.948555076728,11378.94855507696,11378.94855507696,11378.94855507696,11378.94855507696,11378.94855507696
2021-10-28,11378.94855507696,11378.94855507696,11378.94855507696,11378.94855507696,11378.94855507696,11378.94855507696,11378.94855507696,11378.94855507696,11378.94855507696,11378.94855507696,11378.94855507696,11378.94855507696,11378.94855507696,11378.94855507696,11378.94855507696,11378.94855507696,11378.94855507696,11378.94855507696,11378.94855507696,11378.94855507696,11378.94855507696,11378.94855507696,11378.948555076497,11378.94855507696
2021-10-29,11378.94855507696,11378.94855507696,11378.94855507696,11378.94855507696,11378.94855507696,11378.94855507696,11378.94855507696,11378.94855507696,11378.94855507696,11378.94855507696,11378.94855507696,11378.94855507696,11378.94855507696,11378.94855507696,11378.94855507696,11378.94855507696,11378.94855507696,11378.94855507696,11378.94855507696,11378.94855507696,11378.94855507696,11378.94855507696,11378.94855507696,11378.94855507696
2021-10-30,11378.94855507696,11378.94855507696,11378.94855507696,11378.94855507696,11378.94855507696,11378.94855507696,11378.94855507696,11378.94855507696,11378.94855507696,11378.94855507696,11378.948555076497,11378.94855507696,11378.94855507696,11378.94855507696,11378.94855507696,11378.94855507696,11378.94855507696,11378.94855507696,11378.94855507696,11378.94855507696,11378.94855507696,11378.94855507696,11378.94855507696,11378.94855507696
2021-10-31,11378.94855507696,11378.94855507696,11378.94855507696,11378.94855507696,11378.94855507696,11378.94855507696,11378.94855507696,11378.94855507696,11378.94855507696,11378.94855507696,11378.94855507696,11378.94855507696,11378.94855507696,11378.94855507696,11378.94855507696,11378.94855507696,11378.94855507696,11378.94855507696,11378.94855507696,11378.94855507696,11378.94855507696,11378.94855507696,11378.94855507696,11378.948555076497
2021-11-01,11378.94855507696,11378.94855507696,11378.94855507696,11378.94855507696,11378.94855507696,11378.94855507696,11378.94855507696,11378.94855507696,11378.94855507696,11378.94855507696,11378.94855507696,11378.94855507696,11378.94855507696,11378.94855507696,11378.94855507696,11378.94855507696,11378.94855507696,11378.94855507696,11378.94855507696,11378.94855507696,11378.94855507696,11378.94855507696,11378.94855507696,11378.94855507696
2021-11-02,11378.94855507696,11378.94855507696,11378.94855507696,11378.94855507696,11378.94855507696,11378.94855507696,11378.94855507696,11378.94855507696,11378.94855507696,11378.94855507696,11378.94855507696,11378.948555076497,11378.94855507696,11378.94855507696,11378.94855507696,11378.94855507696,11378.94855507696,11378.94855507696,11378.94855507696,11378.94855507696,11378.94855507696,11378.94855507696,11378.94855507696,11378.94855507696
2021-11-03,11378.94855507696,11378.94855507696,11378.94855507696,11378.94855507696,11378.94855507696,11378.94855507696,11378.94855507696,11378.94855507696,11378.94855507696,11378.94855507696,11378.94855507696,11378.94855507696,11378.94855507696,11378.94855507696,11378.94855507696,11378.94855507696,11378.94855507696,11378.94855507696,11378.94855507696,11378.94855507696,11378.94855507696,11378.94855507696,11378.94855507696,11378.94855507696
2021-11-04,11378.948555076497,11378.94855507696,11378.94855507696,11378.94855507696,11378.94855507696,11378.94855507696,11378.94855507696,11378.94855507696,11378.94855507696,11378.94855507696,11378.94855507696,11378.94855507696,11378.94855507696,11378.94855507696,11378.94855507696,11378.94855507696,11378.94855507696,11378.94855507696,11378.94855507696,11378.94855507696,11378.94855507696,11378.948555076497,11378.948555077426,11378.948555076497
2021-11-05,11378.948555077426,11378.948555076497,11378.948555077426,11378.948555076497,11378.948555077426,11378.948555076497,11378.948555077426,11378.948555076497,11378.948555077426,11378.948555076497,11378.948555077426,11378.948555076497,11378.948555077426,11378.948555076497,11378.948555077426,11378.948555076497,11378.948555077426,11378.948555076497,11378.948555077426,11378.948555076497,11378.948555077426,11378.948555076497,11378.948555077426,11378.948555076497
2021-11-06,11378.948555077426,11378.948555076497,11378.948555077426,11378.948555076497,11378.948555077426,11378.948555076497,11378.948555077426,11378.948555076497,11378.948555076497,11378.948555077426,11378.948555076497,11378.948555077426,11378.948555076497,11378.948555077426,11378.948555076497,11378.948555077426,11378.948555076497,11378.948555077426,11378.948555076497,11378.948555077426,11378.948555076497,11378.948555077426,11378.948555076497,11378.948555077426
2021-11-07,11378.948555076497,11378.948555077426,11378.948555076497,11378.948555077426,11378.948555076497,11378.948555077426,11378.948555076497,11378.948555077426,11378.948555076497,11378.948555077426,11378.948555076497,11378.948555077426,11378.948555076497,11378.948555077426,11378.948555076497,11378.948555077426,11378.948555076497,11378.948555077426,11378.948555076497,11378.948555076497,11378.948555077426,11378.948555076497,11378.948555077426,11378.948555076497
2021-11-08,11378.948555077426,11378.948555076497,11378.948555077426,11378.948555076497,11378.948555077426,11378.948555076497,11378.948555077426,11378.948555076497,11378.948555077426,11378.948555076497,11378.948555077426,11378.948555076497,11378.948555077426,11378.948555076497,11378.948555077426,11378.948555076497,11378.948555077426,11378.948555076497,11378.948555077426,11378.948555076497,11378.948555077426,11378.948555076497,11378.948555077426,11378.948555076497
2021-11-09,11378.948555077426,11378.948555076497,11378.948555077426,11378.948555076497,11378.948555077426,11378.948555076497,11378.948555077426,11378.948555076497,11378.948555076497,11378.948555077426,11378.948555076497,11378.948555077426,11378.948555076497,11378.948555077426,11378.948555076497,11378.948555077426,11378.948555076497,11378.948555077426,11378.948555076497,11378.948555077426,11378.948555076497,11378.948555077426,11378.948555076497,11378.948555077426
2021-11-10,11378.948555076497,11378.948555077426,11378.948555076497,11378.948555077426,11378.948555076497,11378.948555077426,11378.948555076497,11378.948555077426,11378.948555076497,11378.948555077426,11378.948555076497,11378.948555077426,11378.948555076497,11378.948555077426,11378.948555076497,11378.948555077426,11378.948555076497,11378.948555077426,11378.948555076497,11378.948555077426,11378.948555076497,11378.948555076497,11378.948555077426,11378.948555076497
2021-11-11,11378.948555077426,11378.948555076497,11378.948555077426,11378.948555076497,11378.948555077426,11378.948555076497,11378.948555077426,11378.948555076497,11378.948555077426,11378.948555076497,11378.948555077426,11378.948555076497,11378.948555077426,11378.948555076497,11378.948555077426,11378.948555076497,11378.948555077426,11378.948555076497,11378.948555077426,11378.948555076497,11378.948555077426,11378.948555076497,11378.948555077426,11378.948555076497
2021-11-12,11378.948555077426,11378.948555076497,11378.948555077426,11378.948555076497,11378.948555077426,11378.948555076497,11378.948555077426,11378.948555076497,11378.948555077426,11378.948555076497,11378.948555076497,11378.948555077426,11378.948555076497,11378.948555077426,11378.948555076497,11378.948555077426,11378.948555076497,11378.948555077426,11378.948555076497,11378.948555077426,11378.948555076497,11378.948555077426,11378.948555076497,11378.948555077426
2021-11-13,11378.948555076497,11378.948555077426,11378.948555076497,11378.948555077426,11378.948555076497,11378.948555077426,11378.948555076497,11378.948555077426,11378.948555076497,11378.948555077426,11378.948555076497,11378.948555077426,11378.948555076497,11378.948555077426,11378.948555076497,11378.948555077426,11378.948555076497,11378.948555077426,11378.948555076497,11378.948555077426,11378.948555076497,11378.948555077426,11378.948555076497,11378.948555076497
2021-11-14,11378.948555077426,11378.948555076497,11378.948555077426,11378.948555076497,11378.948555077426,11378.948555076497,11378.948555077426,11378.948555076497,11378.948555077426,11378.948555076497,11378.948555077426,11378.948555076497,11378.948555077426,11378.948555076497,11378.948555077426,11378.948555076497,11378.948555077426,11378.948555076497,11378.948555077426,11378.948555076497,11378.948555077426,11378.948555076497,11378.948555077426,11378.948555076497
2021-11-15,11378.948555077426,11378.948555076497,11378.948555077426,11378.948555076497,11378.948555077426,11378.948555076497,11378.948555077426,11378.948555076497,11378.948555077426,11378.948555076497,11378.948555076497,11378.948555077426,11378.948555076497,11378.948555077426,11378.948555076497,11378.948555077426,11378.948555076497,11378.948555077426,11378.948555076497,11378.948555077426,11378.948555076497,11378.948555077426,11378.948555076497,11378.948555077426
2021-11-16,11378.948555076497,11378.948555077426,11378.948555076497,11378.948555077426,11378.948555076497,11378.948555077426,11378.948555076497,11378.948555077426,11378.948555076497,11378.948555077426,11378.948555076497,11378.948555077426,11378.948555076497,11378.948555077426,11378.948555076497,0.0,0.0,0.0,0.0,0.0,0.0,0.0,0.0,0.0
2021-11-17,0.0,0.0,0.0,0.0,0.0,0.0,0.0,0.0,0.0,0.0,0.0,0.0,0.0,0.0,0.0,0.0,0.0,0.0,0.0,0.0,0.0,0.0,0.0,0.0
2021-11-18,0.0,0.0,0.0,0.0,0.0,0.0,0.0,0.0,0.0,0.0,0.0,0.0,0.0,0.0,0.0,0.0,0.0,0.0,0.0,0.0,0.0,0.0,0.0,0.0
2021-11-19,0.0,0.0,0.0,0.0,0.0,0.0,0.0,0.0,0.0,0.0,0.0,0.0,0.0,0.0,0.0,0.0,0.0,0.0,0.0,0.0,0.0,0.0,0.0,0.0
2021-11-20,0.0,0.0,0.0,0.0,0.0,0.0,0.0,0.0,0.0,0.0,0.0,0.0,0.0,0.0,0.0,0.0,0.0,0.0,0.0,0.0,0.0,0.0,0.0,0.0
2021-11-21,0.0,0.0,0.0,0.0,0.0,0.0,0.0,0.0,0.0,0.0,0.0,0.0,0.0,0.0,0.0,0.0,0.0,0.0,0.0,0.0,0.0,0.0,0.0,0.0
2021-11-22,0.0,0.0,0.0,0.0,0.0,0.0,0.0,0.0,0.0,0.0,0.0,0.0,0.0,0.0,0.0,0.0,0.0,0.0,0.0,0.0,0.0,0.0,0.0,0.0
2021-11-23,0.0,0.0,0.0,0.0,0.0,0.0,0.0,0.0,0.0,0.0,0.0,0.0,0.0,0.0,0.0,0.0,0.0,0.0,0.0,0.0,0.0,0.0,0.0,0.0
2021-11-24,0.0,0.0,0.0,0.0,0.0,0.0,0.0,0.0,0.0,0.0,0.0,0.0,0.0,0.0,0.0,0.0,0.0,0.0,0.0,0.0,0.0,0.0,0.0,0.0
2021-11-25,0.0,0.0,0.0,0.0,0.0,0.0,0.0,0.0,0.0,0.0,0.0,0.0,0.0,0.0,0.0,0.0,0.0,0.0,0.0,0.0,0.0,0.0,0.0,0.0
2021-11-26,0.0,0.0,0.0,0.0,0.0,0.0,0.0,0.0,0.0,0.0,0.0,0.0,0.0,0.0,0.0,0.0,0.0,0.0,0.0,0.0,0.0,0.0,0.0,0.0
2021-11-27,0.0,0.0,0.0,0.0,0.0,0.0,0.0,0.0,0.0,0.0,0.0,0.0,0.0,0.0,0.0,0.0,0.0,0.0,0.0,0.0,0.0,0.0,0.0,0.0
2021-11-28,0.0,0.0,0.0,0.0,0.0,0.0,0.0,0.0,0.0,0.0,0.0,0.0,0.0,0.0,0.0,0.0,0.0,0.0,0.0,0.0,0.0,0.0,0.0,0.0
2021-11-29,0.0,0.0,0.0,0.0,0.0,0.0,0.0,0.0,0.0,0.0,0.0,0.0,0.0,0.0,0.0,0.0,0.0,0.0,0.0,0.0,0.0,0.0,0.0,0.0
2021-11-30,0.0,0.0,0.0,0.0,0.0,0.0,0.0,0.0,0.0,0.0,0.0,0.0,0.0,0.0,0.0,0.0,0.0,0.0,0.0,0.0,0.0,0.0,0.0,0.0
2021-12-01,0.0,0.0,0.0,0.0,0.0,0.0,0.0,0.0,0.0,0.0,0.0,0.0,0.0,0.0,0.0,0.0,0.0,0.0,0.0,0.0,0.0,0.0,0.0,0.0
2021-12-02,0.0,0.0,0.0,0.0,0.0,0.0,0.0,0.0,0.0,0.0,0.0,0.0,0.0,0.0,0.0,0.0,0.0,0.0,0.0,0.0,0.0,0.0,0.0,0.0
2021-12-03,0.0,0.0,0.0,0.0,0.0,0.0,0.0,0.0,0.0,0.0,0.0,0.0,0.0,0.0,0.0,0.0,0.0,0.0,0.0,0.0,0.0,0.0,0.0,0.0
2021-12-04,0.0,0.0,0.0,0.0,0.0,0.0,0.0,0.0,0.0,0.0,0.0,0.0,0.0,0.0,0.0,0.0,0.0,0.0,0.0,0.0,0.0,0.0,0.0,0.0
2021-12-05,0.0,0.0,0.0,0.0,0.0,0.0,0.0,0.0,0.0,0.0,0.0,0.0,0.0,0.0,0.0,0.0,0.0,0.0,0.0,0.0,0.0,0.0,0.0,0.0
2021-12-06,0.0,0.0,0.0,0.0,0.0,0.0,0.0,0.0,0.0,0.0,0.0,0.0,0.0,0.0,0.0,0.0,0.0,0.0,0.0,0.0,0.0,0.0,0.0,0.0
2021-12-07,0.0,0.0,0.0,0.0,0.0,0.0,0.0,0.0,0.0,0.0,0.0,0.0,0.0,0.0,0.0,0.0,0.0,0.0,0.0,0.0,0.0,0.0,0.0,0.0
2021-12-08,0.0,0.0,0.0,0.0,0.0,0.0,0.0,0.0,0.0,0.0,0.0,0.0,0.0,0.0,0.0,0.0,0.0,0.0,0.0,0.0,0.0,0.0,0.0,0.0
2021-12-09,0.0,0.0,0.0,0.0,0.0,0.0,0.0,0.0,0.0,0.0,0.0,0.0,0.0,0.0,0.0,0.0,0.0,0.0,0.0,0.0,0.0,0.0,0.0,0.0
2021-12-10,0.0,0.0,0.0,0.0,0.0,0.0,0.0,0.0,0.0,0.0,0.0,0.0,0.0,0.0,0.0,0.0,0.0,0.0,0.0,0.0,0.0,0.0,0.0,0.0
2021-12-11,0.0,0.0,0.0,0.0,0.0,0.0,0.0,0.0,0.0,0.0,0.0,0.0,0.0,0.0,0.0,0.0,0.0,0.0,0.0,0.0,0.0,0.0,0.0,0.0
2021-12-12,0.0,0.0,0.0,0.0,0.0,0.0,0.0,0.0,0.0,0.0,0.0,0.0,0.0,0.0,0.0,0.0,0.0,0.0,0.0,0.0,0.0,0.0,0.0,0.0
2021-12-13,0.0,0.0,0.0,0.0,0.0,0.0,0.0,0.0,0.0,0.0,0.0,0.0,0.0,0.0,0.0,0.0,0.0,0.0,0.0,0.0,0.0,0.0,0.0,0.0
2021-12-14,0.0,0.0,0.0,0.0,0.0,0.0,0.0,0.0,0.0,0.0,0.0,0.0,0.0,0.0,0.0,0.0,0.0,0.0,0.0,0.0,0.0,0.0,0.0,0.0
2021-12-15,0.0,0.0,0.0,0.0,0.0,0.0,0.0,0.0,0.0,0.0,0.0,0.0,0.0,0.0,0.0,0.0,0.0,0.0,0.0,0.0,0.0,0.0,0.0,0.0
2021-12-16,0.0,0.0,0.0,0.0,0.0,0.0,0.0,0.0,0.0,0.0,0.0,0.0,0.0,0.0,0.0,0.0,0.0,0.0,0.0,0.0,0.0,0.0,0.0,0.0
2021-12-17,0.0,0.0,0.0,0.0,0.0,0.0,0.0,0.0,0.0,0.0,0.0,0.0,0.0,0.0,0.0,0.0,0.0,0.0,0.0,0.0,0.0,0.0,0.0,0.0
2021-12-18,0.0,0.0,0.0,0.0,0.0,0.0,0.0,0.0,0.0,0.0,0.0,0.0,0.0,0.0,0.0,0.0,0.0,0.0,0.0,0.0,0.0,0.0,0.0,0.0
2021-12-19,0.0,0.0,0.0,0.0,0.0,0.0,0.0,0.0,0.0,0.0,0.0,0.0,0.0,0.0,0.0,0.0,0.0,0.0,0.0,0.0,0.0,0.0,0.0,0.0
2021-12-20,0.0,0.0,0.0,0.0,0.0,0.0,0.0,0.0,0.0,0.0,0.0,0.0,0.0,0.0,0.0,0.0,0.0,0.0,0.0,0.0,0.0,0.0,0.0,0.0
2021-12-21,0.0,0.0,0.0,0.0,0.0,0.0,0.0,0.0,0.0,0.0,0.0,0.0,0.0,0.0,0.0,0.0,0.0,0.0,0.0,0.0,0.0,0.0,0.0,0.0
2021-12-22,0.0,0.0,0.0,0.0,0.0,0.0,0.0,0.0,0.0,0.0,0.0,0.0,0.0,0.0,0.0,0.0,0.0,0.0,0.0,0.0,0.0,0.0,0.0,0.0
2021-12-23,0.0,0.0,0.0,0.0,0.0,0.0,0.0,0.0,0.0,0.0,0.0,0.0,0.0,0.0,0.0,0.0,0.0,0.0,0.0,0.0,0.0,0.0,0.0,0.0
2021-12-24,0.0,0.0,0.0,0.0,0.0,0.0,0.0,0.0,0.0,0.0,0.0,0.0,0.0,0.0,0.0,0.0,0.0,0.0,0.0,0.0,0.0,0.0,0.0,0.0
2021-12-25,0.0,0.0,0.0,0.0,0.0,0.0,0.0,0.0,0.0,0.0,0.0,0.0,0.0,0.0,0.0,0.0,0.0,0.0,0.0,0.0,0.0,0.0,0.0,0.0
2021-12-26,0.0,0.0,0.0,0.0,0.0,0.0,0.0,0.0,0.0,0.0,0.0,0.0,0.0,0.0,0.0,0.0,0.0,0.0,0.0,0.0,0.0,0.0,0.0,0.0
2021-12-27,0.0,0.0,0.0,0.0,0.0,0.0,0.0,0.0,0.0,0.0,0.0,0.0,0.0,0.0,0.0,0.0,0.0,0.0,0.0,0.0,0.0,0.0,0.0,0.0
2021-12-28,0.0,0.0,0.0,0.0,0.0,0.0,0.0,0.0,0.0,0.0,0.0,0.0,0.0,0.0,0.0,0.0,0.0,0.0,0.0,0.0,0.0,0.0,0.0,0.0
2021-12-29,0.0,0.0,0.0,0.0,0.0,0.0,0.0,0.0,0.0,0.0,0.0,0.0,0.0,0.0,0.0,0.0,0.0,0.0,0.0,0.0,0.0,0.0,0.0,0.0
2021-12-30,0.0,0.0,0.0,0.0,0.0,0.0,0.0,0.0,0.0,0.0,0.0,0.0,0.0,0.0,0.0,0.0,0.0,0.0,0.0,0.0,0.0,0.0,0.0,0.0
2021-12-31,0.0,0.0,0.0,0.0,0.0,0.0,0.0,0.0,0.0,0.0,0.0,0.0,0.0,0.0,0.0,0.0,0.0,0.0,0.0,0.0,0.0,0.0,0.0,0.0
2022-01-01,0.0,0.0,0.0,0.0,0.0,0.0,0.0,0.0,0.0,0.0,0.0,0.0,0.0,0.0,0.0,0.0,0.0,0.0,0.0,0.0,0.0,0.0,0.0,0.0
2022-01-02,0.0,0.0,0.0,0.0,0.0,0.0,0.0,0.0,0.0,0.0,0.0,0.0,0.0,0.0,0.0,0.0,0.0,0.0,0.0,0.0,0.0,0.0,0.0,0.0
2022-01-03,0.0,0.0,0.0,0.0,0.0,0.0,0.0,0.0,0.0,0.0,0.0,0.0,0.0,0.0,0.0,0.0,0.0,0.0,0.0,0.0,0.0,0.0,0.0,0.0
2022-01-04,0.0,0.0,0.0,0.0,0.0,0.0,0.0,0.0,0.0,0.0,0.0,0.0,0.0,0.0,0.0,0.0,0.0,0.0,0.0,0.0,0.0,0.0,0.0,0.0
2022-01-05,0.0,0.0,0.0,0.0,0.0,0.0,0.0,0.0,0.0,0.0,0.0,0.0,0.0,0.0,0.0,0.0,0.0,0.0,0.0,0.0,0.0,0.0,0.0,0.0
2022-01-06,0.0,0.0,0.0,0.0,0.0,0.0,0.0,0.0,0.0,0.0,0.0,0.0,0.0,0.0,0.0,0.0,0.0,0.0,0.0,0.0,0.0,0.0,0.0,0.0
2022-01-07,0.0,0.0,0.0,0.0,0.0,0.0,0.0,0.0,0.0,0.0,0.0,0.0,0.0,0.0,0.0,0.0,0.0,0.0,0.0,0.0,0.0,0.0,0.0,0.0
2022-01-08,0.0,0.0,0.0,0.0,0.0,0.0,0.0,0.0,0.0,0.0,0.0,0.0,0.0,0.0,0.0,0.0,0.0,0.0,0.0,0.0,0.0,0.0,0.0,0.0
2022-01-09,0.0,0.0,0.0,0.0,0.0,0.0,0.0,0.0,0.0,0.0,0.0,0.0,0.0,0.0,0.0,0.0,0.0,0.0,0.0,0.0,0.0,0.0,0.0,0.0
2022-01-10,0.0,0.0,0.0,0.0,0.0,0.0,0.0,0.0,0.0,0.0,0.0,0.0,0.0,0.0,0.0,0.0,0.0,0.0,0.0,0.0,0.0,0.0,0.0,0.0
2022-01-11,0.0,0.0,0.0,0.0,0.0,0.0,0.0,0.0,0.0,0.0,0.0,0.0,0.0,0.0,0.0,0.0,0.0,0.0,0.0,0.0,0.0,0.0,0.0,0.0
2022-01-12,0.0,0.0,0.0,0.0,0.0,0.0,0.0,0.0,0.0,0.0,0.0,0.0,0.0,0.0,0.0,0.0,0.0,0.0,0.0,0.0,0.0,0.0,0.0,0.0
2022-01-13,0.0,0.0,0.0,0.0,0.0,0.0,0.0,0.0,0.0,0.0,0.0,0.0,0.0,0.0,0.0,0.0,0.0,0.0,0.0,0.0,0.0,0.0,0.0,0.0
2022-01-14,0.0,0.0,0.0,0.0,0.0,0.0,0.0,0.0,0.0,0.0,0.0,0.0,0.0,0.0,0.0,0.0,0.0,0.0,0.0,0.0,0.0,0.0,0.0,0.0
2022-01-15,0.0,0.0,0.0,0.0,0.0,0.0,0.0,0.0,0.0,0.0,0.0,0.0,0.0,0.0,0.0,0.0,0.0,0.0,0.0,0.0,0.0,0.0,0.0,0.0
2022-01-16,0.0,0.0,0.0,0.0,0.0,0.0,0.0,0.0,0.0,0.0,0.0,0.0,0.0,0.0,0.0,0.0,0.0,0.0,0.0,0.0,0.0,0.0,0.0,0.0
2022-01-17,0.0,0.0,0.0,0.0,0.0,0.0,0.0,0.0,0.0,0.0,0.0,0.0,0.0,0.0,0.0,0.0,0.0,0.0,0.0,0.0,0.0,0.0,0.0,0.0
2022-01-18,0.0,0.0,0.0,0.0,0.0,0.0,0.0,0.0,0.0,0.0,0.0,0.0,0.0,0.0,0.0,0.0,0.0,0.0,0.0,0.0,0.0,0.0,0.0,0.0
2022-01-19,0.0,0.0,0.0,0.0,0.0,0.0,0.0,0.0,0.0,0.0,0.0,0.0,0.0,0.0,0.0,0.0,0.0,0.0,0.0,0.0,0.0,0.0,0.0,0.0
2022-01-20,0.0,0.0,0.0,0.0,0.0,0.0,0.0,0.0,0.0,0.0,0.0,0.0,0.0,0.0,0.0,0.0,0.0,0.0,0.0,0.0,0.0,0.0,0.0,0.0
2022-01-21,0.0,0.0,0.0,0.0,0.0,0.0,0.0,0.0,0.0,0.0,0.0,0.0,0.0,0.0,0.0,0.0,0.0,0.0,0.0,0.0,0.0,0.0,0.0,0.0
2022-01-22,0.0,0.0,0.0,0.0,0.0,0.0,0.0,0.0,0.0,0.0,0.0,0.0,0.0,0.0,0.0,0.0,0.0,0.0,0.0,0.0,0.0,0.0,0.0,0.0
2022-01-23,0.0,0.0,0.0,0.0,0.0,0.0,0.0,0.0,0.0,0.0,0.0,0.0,0.0,0.0,0.0,0.0,0.0,0.0,0.0,0.0,0.0,0.0,0.0,0.0
2022-01-24,0.0,0.0,0.0,0.0,0.0,0.0,0.0,0.0,0.0,0.0,0.0,0.0,0.0,0.0,0.0,0.0,0.0,0.0,0.0,0.0,0.0,0.0,0.0,0.0
2022-01-25,0.0,0.0,0.0,0.0,0.0,0.0,0.0,0.0,0.0,0.0,10660.79377746582,9078.85009765625,11509.473026275637,7024.639912605286,2832.2558999061584,2812.51713514328,4122.100792884827,5693.445685386658,5592.649069786072,8057.547582626343,5631.624167442322,4051.0421104431152,3148.2144827842712,4696.687842845917
2022-01-26,3448.2825956344604,3986.733209133148,3676.348777770996,4819.772328853607,3347.106824874878,3288.193325996399,4709.43001127243,4078.0026359558105,10254.252563476562,13007.231756210327,13353.223224639893,12074.5500831604,9997.128881454468,8761.463097572327,3393.32186460495,5025.333032608032,7581.739385604858,5971.352313995361,5471.991814613342,4676.308592796326,4737.075942993164,3789.1908769607535,3856.617854118347,4345.960034370422
2022-01-27,3906.765824317932,2502.25,3690.206021308899,3253.7102518081665,3493.178551673889,3428.3768734931946,2849.7880816459656,3994.5062437057495,10424.700748443604,11520.254852294922,9362.371104240416,7816.334146499634,7493.299387931824,7214.228705406189,1556.3680617809296,1800.579214334488,2209.6146607398987,2921.292322158813,2887.5894145965576,2890.68874835968,1579.38006401062,1609.3725018501282,2179.923626422882,1032.4146785736084
2022-01-28,1597.4128053188324,2004.341148614884,1322.5795612335205,1962.4150846004488,2237.104877948761,1788.3922686576843,1873.4290964603424,3244.5110280513763,7871.082478523254,9386.705402374268,9961.77039527893,8018.719760894775,7369.012209892273,7491.176540374756,398.6899019628763,1496.132214307785,1546.7498598098755,1229.9350723028183,1384.3482947349548,1404.9300842285156,1787.762283563614,1580.7379355430603,1343.79953789711,1163.3161125183103
2022-01-29,1910.5423913002007,1075.2093563079834,1902.8055725097656,1377.9145436286926,1100.445971250534,1632.5371146202087,1104.9882125854492,1353.0486958026886,5071.341354370117,4574.09406375885,4871.702830314636,3658.444854736328,796.8503052592278,-374.3386526033282,-1273.7996327877045,-336.2425408437848,588.1445620656013,734.5863665342331,1329.7329454421997,2111.3143100738525,830.2753219604492,1173.8954708576202,1901.4105219841003,1014.375
2022-01-30,1075.8935918807983,1341.7253742218018,869.1750161647797,1448.734120130539,1203.8476765155792,1838.8410911560056,1323.8070230484009,842.1918044090271,523.7128188535571,-609.2080516517162,-1451.5303105078638,-2346.1181592941284,-1692.1260135695338,-1973.4389770030973,-1023.4854466691612,-404.2648487091065,97.24646231532095,1021.012070775032,944.8125,1048.784961938858,1647.8007776737213,1085.3729903697968,1843.241261720657,912.5681207180024
2022-01-31,1099.814652442932,1641.7250294685364,1170.833739042282,1749.0116591453552,1422.872448205948,1644.044676542282,1338.9316902160645,2161.5734622478485,7783.030171394348,5846.709279060364,6514.8336572647095,8525.588785171509,9866.418077468872,5568.638666152954,2184.3125,2042.714344501496,1389.0987095832825,1439.106131315231,2246.157254934311,1413.3228452205658,1292.642139196396,1930.2063026428225,1266.5192258358002,1284.7026963233948
2022-02-01,2038.921621799469,922.4166259765624,822.5484898090363,1582.4582426548004,963.3125,1037.4231436252594,1392.625,1566.3477382659912,9640.699220657349,9395.537600517271,6754.972328186035,6445.681046485901,8701.861201286316,6476.224407196045,1037.645484268665,462.7727131471038,2046.4619858264923,2811.4594831466675,5044.578516960144,4539.698871135712,4036.9762783050537,1648.9939653873444,1409.748128414154,1629.6168842315674
2022-02-02,1051.9150252342224,631.375,1739.5133888721466,964.22003364563,1356.9375,1619.1208386421204,1383.361335992813,3001.9705197811127,8963.728423118591,11499.081308364868,10368.049544334412,5579.226270198822,3724.642693996429,3717.3059844970703,811.1812570095062,941.4274425506592,2660.5625,2535.0264949798584,3033.302858352661,3191.4679522514343,2232.755826950073,1454.5036780834198,1905.393868684769,1454.4930686950684
2022-02-03,1270.695200920105,1684.4031643867493,1499.2213575839996,1534.0157558918,1489.2868361473083,1258.6331930160522,1734.674254655838,2286.0550775527954,7068.584766387939,6987.750001907349,5333.52538394928,5330.285099983215,4529.411486625671,4392.919118881226,524.3075749874115,705.733628988266,739.0677020549774,1150.7476400136948,1336.06285071373,1242.850028514862,1541.2923159599304,1194.2136528491974,1426.803416967392,1613.7107408046722
2022-02-04,1295.5659024715424,710.3637626171112,1604.4261949062347,641.9962542057037,1128.6175096035004,707.8614039421082,600.4841842651367,2315.266788005829,4252.125,5118.6667585372925,7556.851697921753,7285.464615821838,6010.4669733047485,5620.658439636231,1266.6141772270205,926.029972076416,1332.7581913471222,1256.234738111496,1586.9970879554749,793.7082412242889,963.6854901313782,1163.1326339244845,752.7462542057037,601.2425084114075
2022-02-05,802.0475871562958,689.3675084114075,745.970311164856,579.8023042678833,542.2280802726746,472.86043310165405,836.6354079246521,2279.886513829232,7614.675750732422,7754.979871749878,7592.292422294617,7735.629717826843,6159.367088317871,526.6492240354419,-94.92808267474174,1.9147926047444344,56.87250280380249,281.98668146133423,449.09600496292114,425.2137908935547,650.8569648265839,595.278165102005,592.9893176555634,783.5086042881012
2022-02-06,1202.730034828186,751.8709800243378,920.2889935970306,891.8117458820343,713.6122403144836,1189.4733765125277,850.9796133041382,245.2461154460907,140.310488820076,-579.3093757033348,-1475.6702444553375,-1730.303129196167,-1775.4441990852356,-1635.9662292003632,-124.64785052090885,-101.41683758050203,185.4318813085556,681.0296914577484,1017.8888823986052,871.9253697395325,1093.320209980011,1042.829644203186,836.5298368930817,1061.2548644542694
2022-02-07,683.4275858402252,857.0788097381592,307.875,824.6773116588593,451.625,370.6215317249298,573.7291903495789,2010.740843772888,6089.043148040772,6531.202831268311,5274.404828071594,6356.004448890686,4297.741262435913,2584.499727807939,424.2330806851387,-462.7293485328555,226.9698948264122,1115.5299688577652,1432.3493390083313,945.5331597328186,1036.727664232254,889.0917036533356,626.968230009079,774.9658718109131
2022-02-08,679.7463929653168,693.4715597629547,1140.6377663612366,759.8576583862305,1049.887351512909,1450.600727558136,1314.2225348949432,2495.139568209648,6563.284956932068,4783.438402175903,5263.2608251571655,2775.561596393585,1805.7545790672305,1460.2703315243125,-1027.4775788784027,114.4556061923504,1673.7568098306656,2647.1868777275085,3360.5636777877808,3210.0962743759155,2781.194506645202,1261.4103770256042,713.3150672912598,833.3208932876587
2022-02-09,953.1721708774568,830.963374376297,1011.5968382358552,1024.2150394916534,1039.0552175045011,1444.5624380111694,1224.0033340454102,3230.993756771088,7827.49045085907,6573.796330451965,6243.240149497986,3234.520256996155,1913.5819907188416,1512.375065587461,-259.6243197917938,296.05867207050323,638.2344782352448,1744.3774971961975,2259.654688835144,1485.3439235687256,709.5844900608063,1150.157051563263,866.8021652698517,1253.8314442634585
2022-02-10,1099.5986425876615,1355.701033592224,1188.8189532756803,1466.2051956653595,842.1481704711914,1332.2272562980652,792.4823837280273,1842.3340740203853,5781.745697021484,5915.366952896118,4483.527501106262,999.875,1846.587264060974,2872.509434700012,587.516925573349,949.8950040340424,814.9317436218262,86.625,572.921891450882,550.5117919445038,948.4406197071075,878.8636236190796,1560.8755552768707,950.3902623653412
2022-02-11,698.4854328632355,1277.047029018402,849.6173696517944,784.4027464389801,892.7350165843964,899.2006103992462,777.738068819046,2364.926471590996,5782.889985084534,6144.266926765442,5240.57769203186,4416.201725006104,3110.028163909912,2202.979307927192,-598.423368960619,-326.80497362464666,256.93550115823746,697.5374881029129,1149.9199504852295,758.6960325241089,948.6746673583984,844.6447007656097,747.6742513179779,827.0095725059509
2022-02-12,1110.566593170166,863.976555109024,971.2462544441224,1166.0488367080688,1124.3319923877716,1458.446730136871,1183.3847098350525,1238.3698655366898,4881.038149833679,7175.891788482666,4958.096837043762,3425.831292629242,1198.1132074296474,28.227845661342144,-610.0570828467607,-343.4033026024699,122.64687502384186,401.7423694133759,1160.9870960712433,886.375,1155.4218904972076,1648.75457239151,1152.6533007621765,1462.2212784290314
2022-02-13,1689.0528535842896,1535.9682240486145,1694.9063487052915,1349.4951419830322,1093.357933759689,1356.3362894058228,986.0,524.1034964323044,258.9764153957367,310.72891223430634,40.304209016263485,-1117.95368565619,-1273.6490703225136,-1142.8861482590437,-539.3865028321743,318.4961146861315,681.0801901817322,901.0506380796432,1268.9615688323977,1667.744999885559,1280.873471736908,940.692563533783,1704.9087076187134,1245.3268582820892
2022-02-14,907.6086292266846,968.3745830059052,894.125,908.1134848594666,883.5190057754517,924.758184671402,1045.2946717739103,871.1802188158035,577.0370442867279,681.5670122504234,104.77174443006516,497.29980278015137,391.0034676790237,363.65666599571705,-177.76333700865507,119.43129889667034,435.4583812728524,916.6645395755768,1068.3290784358978,1144.1750826835632,1158.8582129478457,809.8550219535828,1010.5402324199677,1131.405797958374
2022-02-15,977.973640203476,1252.950331449509,1579.4463059902191,1306.1215302944183,1139.6204209327698,1289.612928390503,1384.9599030017853,2827.7229478359222,9168.748195648192,9608.105171203611,10412.85781288147,9088.100584030151,8053.502091407776,6236.625,4315.080882549286,3437.324776649475,4903.637487411499,4859.2100439071655,5175.805768966675,5427.96489906311,4685.63125038147,4478.543557167053,3199.34613609314,3312.855568885803
2022-02-16,3872.0825247764574,3603.98015165329,3352.5692234039307,3511.237771511078,3238.347101688385,2813.25,2395.165787220001,4039.63041639328,7209.625,7882.315622329712,6316.654689788818,6735.947696685791,5805.127492904663,4497.900525093079,916.5427124723792,347.31922829151154,793.389844417572,1907.0789413452148,3047.9020476341248,1737.2934260368347,1495.6558043956757,972.5818569660188,1066.4421482086182,1512.871817111969
2022-02-17,687.7168428897858,810.625,1025.089346408844,777.9927859306335,813.0961437225342,682.4986145496368,960.4940354824066,1502.6634302139282,7015.361689567566,7321.434704780579,5155.391230583191,5001.378746986389,5172.642757415772,5280.350447654724,538.0504102483392,620.0592405796051,1443.2138028144836,684.4833519458771,1430.56964969635,825.1213929653168,1005.6710612773896,837.6040511131287,918.5790808200836,893.9760010242462
2022-02-18,789.6044671535492,896.2298848628998,1416.5344157218933,970.3002257347108,843.3397648334503,1348.7319748401642,1288.0439803600311,1928.4915400743484,4611.396226882935,2184.427119916305,2184.4271199144423,2184.427119916305,2184.4271199144423,2184.427119916305,2184.4271199144423,2184.427119916305,2184.4271199144423,2184.427119916305,2184.4271199144423,2184.427119916305,2184.4271199144423,2184.427119916305,2184.4271199144423,2184.427119916305
2022-02-19,2184.4271199144423,2184.427119916305,2184.4271199144423,2184.427119916305,2184.4271199144423,2184.427119916305,2184.427119916305,2184.4271199144423,2184.427119916305,2184.4271199144423,2184.427119916305,2184.4271199144423,2184.427119916305,2184.4271199144423,2184.427119916305,2184.4271199144423,2184.427119916305,2184.4271199144423,2184.427119916305,2184.4271199144423,2184.427119916305,2184.4271199144423,2184.427119916305,2184.4271199144423
2022-02-20,2184.427119916305,2184.4271199144423,2184.427119916305,2184.427119916305,2184.4271199144423,2184.427119916305,2184.4271199144423,2184.427119916305,2184.4271199144423,2184.427119916305,2184.4271199144423,2184.427119916305,2184.4271199144423,2184.427119916305,2184.4271199144423,2184.427119916305,2184.4271199144423,2184.427119916305,2184.4271199144423,2184.427119916305,2184.4271199144423,2184.427119916305,2184.4271199144423,2184.427119916305
2022-02-21,2184.427119916305,2184.4271199144423,2184.427119916305,2184.4271199144423,2184.427119916305,2184.4271199144423,2184.427119916305,2184.4271199144423,2184.427119916305,2184.4271199144423,2184.427119916305,2184.4271199144423,2184.427119916305,2184.4271199144423,2184.427119916305,2184.4271199144423,2184.427119916305,2184.4271199144423,2184.427119916305,2184.4271199144423,2184.427119916305,2184.427119916305,2184.4271199144423,2184.427119916305
2022-02-22,2184.4271199144423,2184.427119916305,2184.4271199144423,2184.427119916305,2184.4271199144423,2184.427119916305,2184.4271199144423,2184.427119916305,2184.4271199144423,2184.427119916305,2184.4271199144423,2184.427119916305,2184.4271199144423,2184.427119916305,2184.4271199144423,2184.427119916305,2184.4271199144423,2184.427119916305,2184.427119916305,2184.4271199144423,2184.427119916305,2184.4271199144423,2184.427119916305,2184.4271199144423
2022-02-23,2184.427119916305,2184.4271199144423,2184.427119916305,2184.4271199144423,2184.427119916305,2184.4271199144423,2184.427119916305,2184.4271199144423,2184.427119916305,2184.4271199144423,2184.427119916305,2184.4271199144423,2184.427119916305,2184.4271199144423,2184.427119916305,2184.4271199144423,2184.427119916305,2184.427119916305,2184.4271199144423,2184.427119916305,2184.4271199144423,2184.427119916305,2184.4271199144423,2184.427119916305
2022-02-24,2184.4271199144423,2184.427119916305,2184.4271199144423,2184.427119916305,2184.4271199144423,2184.427119916305,2184.4271199144423,2184.427119916305,2184.4271199144423,2184.427119916305,2184.4271199144423,2184.427119916305,2184.427119916305,2184.4271199144423,2184.427119916305,2184.4271199144423,2184.427119916305,2184.4271199144423,2184.427119916305,2184.4271199144423,2184.427119916305,2184.4271199144423,2184.427119916305,2184.4271199144423
2022-02-25,2184.427119916305,2184.4271199144423,2184.427119916305,2184.4271199144423,2184.427119916305,2184.4271199144423,2184.427119916305,2184.4271199144423,2184.427119916305,2184.4271199144423,2184.427119916305,2184.427119916305,2184.4271199144423,2184.427119916305,2184.4271199144423,2184.427119916305,2184.4271199144423,2184.427119916305,2184.4271199144423,2184.427119916305,2184.4271199144423,2184.427119916305,2184.4271199144423,2184.427119916305
2022-02-26,2184.4271199144423,2184.427119916305,2184.4271199144423,2184.427119916305,2184.4271199144423,2184.427119916305,2184.427119916305,2184.4271199144423,2184.427119916305,2184.4271199144423,2184.427119916305,2184.4271199144423,2184.427119916305,2184.4271199144423,2184.427119916305,2184.4271199144423,2184.427119916305,2184.4271199144423,2184.427119916305,2184.4271199144423,2184.427119916305,2184.4271199144423,2184.427119916305,2184.4271199144423
2022-02-27,2184.427119916305,2184.4271199144423,2184.427119916305,2184.4271199144423,2184.427119916305,2184.427119916305,2184.4271199144423,2184.427119916305,2184.4271199144423,2184.427119916305,2184.4271199144423,2184.427119916305,2184.4271199144423,2184.427119916305,2184.4271199144423,2184.427119916305,2184.4271199144423,2184.427119916305,2184.4271199144423,2184.427119916305,2184.4271199144423,2184.427119916305,2184.4271199144423,2184.427119916305
2022-02-28,2184.427119916305,2184.4271199144423,2184.427119916305,2184.4271199144423,2184.427119916305,2184.4271199144423,2184.427119916305,2184.4271199144423,2184.427119916305,2184.4271199144423,2184.427119916305,2184.4271199144423,2184.427119916305,2184.4271199144423,2184.427119916305,2184.4271199144423,2184.427119916305,2184.4271199144423,2184.427119916305,2184.4271199144423,2184.427119916305,2184.4271199144423,2184.427119916305,2184.427119916305
2022-03-01,2184.4271199144423,2184.427119916305,2184.4271199144423,2184.427119916305,2184.4271199144423,2184.427119916305,2184.4271199144423,2184.427119916305,2184.4271199144423,2184.427119916305,2184.4271199144423,2184.427119916305,2184.4271199144423,2184.427119916305,2184.4271199144423,2184.427119916305,2184.4271199144423,2184.427119916305,2184.427119916305,2184.4271199144423,2184.427119916305,2184.4271199144423,2184.427119916305,2184.4271199144423
2022-03-02,2184.427119916305,2184.4271199144423,2184.427119916305,2184.4271199144423,2184.427119916305,2184.4271199144423,2184.427119916305,2184.4271199144423,2184.427119916305,2184.4271199144423,2184.427119916305,2184.4271199144423,2184.427119916305,2184.4271199144423,2184.427119916305,2184.4271199144423,2184.427119916305,2184.427119916305,2184.4271199144423,2184.427119916305,2184.4271199144423,2184.427119916305,2184.4271199144423,2184.427119916305
2022-03-03,2184.4271199144423,2184.427119916305,2184.4271199144423,2184.427119916305,2184.4271199144423,2184.427119916305,2184.4271199144423,2184.427119916305,2184.4271199144423,2184.427119916305,2184.4271199144423,2184.427119916305,2184.427119916305,2184.4271199144423,1176.1936736106873,3355.5283036231995,3647.5449504852295,3387.605298995972,2561.731132030487,941.5141515731812,1232.908022403717,900.650527715683,1160.7688722610474,1586.9969522953031
2022-03-04,1019.3762505054474,1388.6612141132357,1105.7093534469604,1175.671896457672,1272.19132065773,929.4583797454834,1221.1924291849136,2543.33504486084,6614.825887680054,7464.964070320129,7694.675086975098,8110.301887512207,7963.607933044434,7712.72434425354,1395.581716299057,1181.7996728420258,946.8217265605928,887.3983088731766,1202.549941778183,1590.650103807449,1537.719889879227,1343.2404234409332,1331.115285396576,1696.5314888954165
2022-03-05,1072.6193118095398,944.2882902622224,1172.9941720962524,1119.690759897232,1079.6062695980072,1097.5640950202942,1154.2812149524689,590.2856553792953,5790.674529075623,6336.951438903809,5909.799530982971,5159.645540237427,2535.743995241821,-868.0820638090372,-2015.2211793139577,-1136.3999409526589,-202.71269139647484,222.1995011568069,750.5627083778381,1120.888599872589,811.75,799.625,618.375,697.5
2022-03-06,691.6215317249298,1035.3670959472656,904.1531648635864,1054.4334099292755,1546.6097481250763,1348.1924319267273,772.6387349367142,530.2710862159729,-134.7983194887638,-1250.3621565401554,-1951.608645364642,-2937.508188121021,-2898.420082785189,-2425.939545609057,-2214.974695444107,-1158.0936079025269,-265.71321795880795,159.6201442927122,648.5942013263702,1096.446313381195,1242.2315547466278,1155.435631275177,1588.0844991207125,1101.0355191230774
2022-03-07,1382.8553063869476,1569.2137982845306,1186.518177509308,1746.616545677185,891.3263056278229,785.3715317249298,943.2543023824692,1654.9089913368225,6344.25249671936,6462.792591094971,4794.120977401733,4983.30507850647,5901.6416482925415,5023.284129619598,819.9279509410262,-114.6241040751338,29.849638424813747,358.84933400154114,1132.4157922267914,1133.968233346939,1303.1083600521088,849.159823179245,1385.2221231460571,1088.524284362793
2022-03-08,778.8607106208801,1027.7530550956726,876.3715317249298,918.7097673416138,1023.5971162319184,632.8566870689392,686.7150393724442,1816.625694513321,8341.442699432373,9116.247091293337,9532.229610443115,7483.672583580017,4796.04078578949,2850.91342830658,-667.6239637956023,-131.42757051438093,446.2605438232422,2353.615703582764,3481.206437110901,4268.076721191406,3482.7444496154785,1390.5738065242767,886.6107103824615,917.6345734596252
2022-03-09,1184.640540599823,879.4257771968842,698.461154460907,1053.5907337665558,1334.160105228424,1409.2260041236875,948.4680919647216,3353.596553325653,7400.15746307373,7469.149287223816,6995.620701789856,7351.80383682251,4559.917868614197,3470.811320781708,194.83767514675856,1851.1915926635263,5498.487376213074,2935.169255256653,4310.6745262146,3561.8414249420166,2919.8003606796265,2321.380962848664,1745.3249168395996,2205.624585628509
2022-03-10,2254.7486186027527,1404.8188128471377,2495.498617172241,2467.759304046631,1764.494589328766,2106.54980802536,1354.1764702796936,2070.2527735233307,7303.881241798401,7403.890264511108,6192.137901306152,6124.497360229492,5261.928137779236,3657.151936732233,-411.3115044981241,-82.33737982064486,654.2720602750778,834.6044696569443,1744.1051557064056,1305.6114027500153,1633.397055387497,1512.5430071353912,607.6211154460907,994.7497217655182
2022-03-11,878.1304111480713,1020.6122364997864,960.8405940532684,749.2076861858368,823.3958106040955,1233.1025257110596,740.4558825492859,2470.177996277809,6968.195897102356,6960.579772949219,5584.269000053406,5464.349059104919,4896.229891777039,4231.003082208335,-532.3967321962118,245.71961730718613,112.44787775725126,152.35571593046188,487.99347949028015,786.5810217857361,718.7348780632019,827.2698404788971,796.0918428897858,1026.4658737182615
2022-03-12,1039.9857149124146,961.6398463249208,964.1947901248932,1114.492099761963,1013.29856133461,1205.0994815826416,843.5782508850098,1468.4685096740725,5285.75,5793.288430213928,4424.206576347351,3452.842116355896,737.55374648422,-1287.377924203873,-1936.9135297834875,-924.970177769661,-98.95761224627496,112.36362381279469,889.0684022903442,1061.9798874855042,931.4994502067566,1424.3145203590393,1110.2364153862,1423.0768673419952
2022-03-13,796.5779733657837,1207.584777593613,717.2330763339996,793.1749482154846,689.619866847992,834.192565202713,485.7487514019013,155.88262874633074,-268.1464719697833,-1300.673181772232,-2060.9169030189514,-2759.500081121921,-2749.3246620744467,-2515.4161168187857,-2310.4943954870105,-1815.4839767590163,-537.5552425980568,246.1919834911824,678.3781899213791,1327.2251772880554,1082.9915401935575,775.9381256103516,927.968371629715,698.4875140190125
2022-03-14,640.2112936973572,698.6119592189789,673.7308547496796,762.4210615158081,996.0310809612274,965.898309469223,940.6584365367888,1695.461016178131,6130.484039306641,5335.266926765442,2837.950197696686,3038.64691734314,3215.4771070480347,1061.5246548876166,-1873.392419099808,-934.899640314281,-139.28336795419457,135.24486684799194,505.8729189634323,677.8605718612671,926.1632936000824,1003.5685369968414,722.0926752090454,982.0321879386902
2022-03-15,1397.1263935565948,1055.8512806892395,1147.6791219711304,1325.5052812099457,1562.4735107421875,880.9900133609772,1016.4375746250151,527.1019697189331,6502.930490493774,4358.209072113037,2814.059239387512,3399.890954017639,2842.4101028442383,1512.211015701294,-242.02727254480124,-489.7488281279802,130.37643588334322,667.5152599588037,2326.4550507068634,3549.8077092170715,2899.6792459487915,2007.197428226471,730.6857671737671,1416.0328888893127
2022-03-16,1509.0728476047516,460.375,576.9662883281708,956.1010057926178,757.7397336959839,661.4808549880981,350.74667048454285,1104.1097394227982,6917.003747940064,5416.809930801392,5570.267756462097,4598.587538719177,4172.900385856628,1853.7625544294715,-634.9135424494743,160.08469787985086,285.03329495340586,449.078387260437,927.7541617155076,947.280802488327,767.4926471710205,806.4751667976379,606.944507598877,753.7344620227814
2022-03-17,726.2036635875702,813.2420949935913,768.2187852859497,741.9300787448883,1140.926339149475,1038.5600793361664,560.0045794248581,1347.06034886837,6387.350569725037,6576.377765655518,6299.902463912964,6826.364869117737,5619.916759490967,5441.690201759338,3004.435209751129,3652.4563007354736,3532.634847640991,2574.611820220948,3176.199360847473,2773.493616104126,3370.811037540436,2060.941453933716,3430.340452194214,3433.1204147338867
2022-03-18,2881.68340587616,3416.7420840263367,3437.1963052749634,3386.303270816803,3410.7233543396,2790.9458932876587,1894.647751331329,2490.47474527359,4534.220311164856,4763.176054000855,5105.322141647339,5898.504438400269,6726.91274356842,5765.1563539505005,1143.3134033679962,403.57547199726105,2105.752206325531,632.1505265235901,795.8621010780334,1475.0455248355863,942.8528072834016,1064.194926261902,1101.5156800746918,818.0036089420319
2022-03-19,883.4173152446747,861.5484230518341,869.6717541217804,1121.8128519058228,832.8060503005981,1014.1642665863036,506.70047199726105,1599.447559595108,6023.355304718018,5731.076859474182,5055.248199462891,3607.237922668457,2201.3766646832228,-243.4310484603048,-982.812054745853,-89.99681270867586,60.499583788216114,240.05382883548737,484.23251962661743,941.4961199760436,785.822282075882,776.1484470367432,725.417316198349,840.1005849838257
2022-03-20,754.767760515213,1029.4717059135437,870.7447321414948,839.1349918842316,1205.6936836242676,1216.7136611938477,547.9268873333931,245.4078572466969,-631.0477564409375,-1845.489894926548,-2290.632004208863,-2850.5706281661987,-2731.4748372137547,-2626.7240447998047,-1802.4342514276505,-430.6567594707012,4.25,1989.1567340753973,1989.1567340735344,1989.1567340753973,1989.1567340753973,1989.1567340735344,1989.1567340753973,1989.1567340753973
2022-03-21,1989.1567340735344,1989.1567340753973,1989.1567340753973,1989.1567340735344,1989.1567340753973,1989.1567340753973,1989.1567340735344,1989.1567340753973,1989.1567340753973,1989.1567340735344,1989.1567340753973,1989.1567340753973,1989.1567340735344,1989.1567340753973,1989.1567340753973,1989.1567340735344,1989.1567340753973,1989.1567340753973,1989.1567340735344,1989.1567340753973,1989.1567340753973,1989.1567340735344,1989.1567340753973,1989.1567340753973
2022-03-22,1989.1567340735344,1989.1567340753973,1989.1567340753973,1989.1567340735344,1989.1567340753973,1989.1567340753973,1989.1567340735344,1989.1567340753973,1989.1567340753973,1989.1567340735344,1989.1567340753973,1989.1567340753973,1989.1567340735344,1989.1567340753973,1989.1567340753973,1989.1567340735344,1989.1567340753973,1989.1567340753973,1989.1567340735344,1989.1567340753973,1989.1567340753973,1989.1567340735344,1989.1567340753973,1989.1567340753973
2022-03-23,1989.1567340735344,1989.1567340753973,1989.1567340753973,1989.1567340735344,1989.1567340753973,1989.1567340753973,1989.1567340735344,1989.1567340753973,1989.1567340753973,1989.1567340735344,1989.1567340753973,1989.1567340753973,1989.1567340735344,1989.1567340753973,1989.1567340753973,1989.1567340735344,1989.1567340753973,1989.1567340753973,1989.1567340735344,1989.1567340753973,1989.1567340753973,1989.1567340735344,1989.1567340753973,1989.1567340753973
2022-03-24,1989.1567340735344,1989.1567340753973,1989.1567340753973,1989.1567340735344,1989.1567340753973,1989.1567340753973,1989.1567340735344,1989.1567340753973,1989.1567340753973,1989.1567340735344,1989.1567340753973,1989.1567340753973,1989.1567340735344,1989.1567340753973,1989.1567340735344,1989.1567340753973,1989.1567340753973,1989.1567340753973,1989.1567340735344,1989.1567340753973,1989.1567340735344,1989.1567340753973,1989.1567340753973,1989.1567340735344
2022-03-25,1989.1567340753973,1989.1567340753973,1989.1567340735344,1989.1567340753973,1989.1567340753973,1989.1567340735344,1989.1567340753973,1989.1567340753973,1989.1567340735344,1989.1567340753973,1989.1567340753973,1989.1567340735344,1989.1567340753973,1989.1567340753973,1989.1567340735344,1989.1567340753973,1989.1567340753973,1989.1567340735344,1989.1567340753973,1989.1567340753973,1989.1567340735344,1989.1567340753973,1989.1567340753973,1989.1567340735344
2022-03-26,1989.1567340753973,1989.1567340753973,1989.1567340735344,1989.1567340753973,1989.1567340753973,1989.1567340735344,1989.1567340753973,1989.1567340753973,1989.1567340735344,1989.1567340753973,1989.1567340753973,1989.1567340735344,1989.1567340753973,1989.1567340753973,1989.1567340735344,1989.1567340753973,1989.1567340753973,1989.1567340735344,1989.1567340753973,1989.1567340753973,1989.1567340735344,1989.1567340753973,1989.1567340753973,1989.1567340735344
2022-03-27,1989.1567340753973,1989.1567340753973,1989.1567340735344,1989.1567340753973,1989.1567340753973,1989.1567340735344,1989.1567340753973,1989.1567340753973,1989.1567340735344,1989.1567340753973,1989.1567340753973,1989.1567340735344,1989.1567340753973,1989.1567340753973,1989.1567340735344,1989.1567340753973,1989.1567340753973,1989.1567340735344,1989.1567340753973,1989.1567340753973,1989.1567340735344,1989.1567340753973,1989.1567340753973,1989.1567340735344
2022-03-28,1989.1567340753973,1989.1567340753973,1989.1567340735344,1989.1567340753973,1989.1567340753973,1989.1567340735344,1989.1567340753973,1989.1567340753973,1989.1567340735344,1989.1567340753973,0.0,6197.049249649048,4750.320198059082,2812.358489513397,371.8060266673565,668.0936464071274,-456.3582138568163,-153.87027034163475,158.0853134393692,552.7268316149712,1141.528725147247,959.471702337265,1264.4002571105957,1084.56410074234
2022-03-29,1278.032193899155,1078.3161823749542,1329.7118570804596,594.3256142139435,1346.337413072586,800.8991417884827,983.5031974315644,1535.742509007454,6824.3623695373535,11038.089624404907,7173.932579994202,2901.502780437469,3273.325464248657,2654.4777909442782,35.964894473552704,3.838031202554703,31.078465536236763,135.8528039008379,1431.5946167707443,2597.8562750816345,2988.8829231262207,1325.9479761123655,1132.1974213123322,1187.059939622879
2022-03-30,1014.4461724758148,1116.4067738056185,752.9123210906982,870.3888757228851,1003.4900135993958,731.499724149704,1060.4501984119415,2938.7212812900543,8917.365287780762,7444.802150726318,8153.530403137207,7095.987928390503,6071.696716308594,5175.4223165512085,3371.206292629242,1696.811317205429,764.5194244384766,557.9017746448517,364.4503326416016,953.2436254024506,716.4264721870422,857.4166233539581,731.7432053089142,851.9320240020752
2022-03-31,1017.265683412552,866.5597991943359,1204.0426018238068,1061.7952353954315,1103.3621056079865,1183.3149375915527,1384.5072255134585,2186.911213159561,7815.352939605713,7108.115136146545,6225.869592666626,6374.03787612915,5346.067983627319,5729.496945381165,887.2988320365548,172.38253340125084,855.9196727275848,1445.7906494140625,1197.7452838420868,1295.633888721466,875.4485340118408,1176.081306219101,1041.7919051647186,994.156777381897
2022-04-01,1064.207969903946,1003.2007555961608,1283.8593363761902,885.8874897956848,1321.1739871501925,801.6297190189362,892.5706181526184,1453.6066858768463,4334.697695732117,6363.889012336731,7946.610447883606,8976.24416923523,7626.451439857483,7048.468359947205,2836.262204170227,2990.663846492768,2975.158706665039,1457.603085041046,779.3396269083023,1245.0102620124817,1572.8035464286804,1536.1501035690308,1136.1505262851715,1447.2433369159698
2022-04-02,940.8650109767914,1119.8042433261871,826.2032461166382,916.4145379066468,941.9415919780732,1128.342811346054,957.84184217453,2391.2351574897766,8249.231409072876,7914.880975723267,8050.630131721497,6828.888045310974,4078.6519179344177,1656.24791841954,-55.53182450681925,-1239.8376287221909,178.16376247256994,178.2711914256215,145.86875700950625,883.3179819583893,776.6141788959503,800.9525535106659,792.119866847992,863.173558473587
2022-04-03,782.2185077667236,860.4392352104187,996.2092156410216,1285.550784111023,808.175639629364,1094.57728099823,1192.4619934558868,342.65982139110565,-34.35499405115843,-261.84144880622625,-1670.6527730226517,-437.8479510620237,-341.39729702472687,-646.9248025789857,-1444.513840019703,-963.741441614926,-718.9861259236932,-338.0059855729341,28.97226172685623,512.5629843771458,824.1509449481964,1062.959496259689,1066.7203187942505,944.0563297271729
2022-04-04,1177.6731476783752,1040.7117192745209,882.2010316848755,1192.1817512512207,945.4808583259584,1116.8544735908508,651.25,2444.419254541397,6209.653438568115,5640.800633430481,6466.877633094788,6951.511233329773,4777.794392108917,1748.5117971897123,53.98452981561422,-413.2025789469481,-321.0307022035122,-245.51503236591816,2.463561855256557,345.32755321264267,798.9923696517944,882.1567707061768,948.4010820388794,1138.989041805267
2022-04-05,967.1115458011628,864.5826869010925,1239.2099089622498,994.443953037262,994.5409297943116,1343.6782805919647,780.7630418539047,1309.8290795087814,11087.621529579164,13281.462390899658,8198.26609134674,5243.634984970093,3129.490704536438,-5.087682835757732,-1673.6180715560913,-1638.9625209867954,-861.0762606859207,114.8900374174118,1096.3741666078568,1846.810628414154,2905.9914121627808,1832.9407658576963,1344.8317143917084,1687.4052426815033
2022-04-06,1155.810488462448,1154.0722815990448,1310.2709476947784,1585.0102653503418,974.061737537384,848.4895949363708,811.1299967765808,1363.9786353111267,6252.106827735901,6454.408719062805,6222.560486793518,7422.453667640686,6081.89054107666,5768.959769248962,1277.8238928690553,1864.72487950325,2164.7198901176453,1574.526354074478,591.6435910463333,951.1305551528932,803.4925084114075,1346.915096759796,772.7405660152435,839.0861542224884
2022-04-07,760.8672308921814,812.9100999832153,889.191731929779,851.857935667038,941.0636811256408,1140.9775290489197,956.8175644874572,1823.427163362503,4915.108353614807,6056.147468566895,6293.251805305481,6117.8926248550415,4807.629301071167,5942.461294174194,1001.1005828380584,672.0778895765543,-102.97922803461552,-3.629687502980232,542.0650658607483,559.338512301445,1087.5577125549316,1388.9773840904236,991.2203102111816,1428.8383696079254
2022-04-08,1421.8232486248016,1184.268311500549,1469.9748847484589,1275.9950037002563,1494.479187488556,1120.9916746616364,1099.3841549158096,1392.588372707367,6183.591282844544,5692.4281368255615,4306.46642780304,4263.839068412781,2415.5098514556885,2170.5671491622925,-597.2311231270432,-153.84160036593676,335.3201390057802,500.96434420347214,222.2930083870888,641.2235003709793,1029.5000040531158,1327.09711933136,1012.409547805786,1172.4805796146393
2022-04-09,806.6875698566437,863.7584640979767,832.4173142910004,768.9947280883789,612.8532190322876,668.4076042175293,667.4406224489212,998.35502243042,6416.072826385498,5969.807990074158,5828.7985553741455,4245.033440113068,4339.415786266327,2282.758179783821,-83.2434397265315,-37.68780286610127,-191.5916974544525,17.975000023841858,121.49445056915285,239.375,671.4793286323547,852.218230009079,816.5922589302063,1050.2072722911837
2022-04-10,1026.8048028945925,755.6706442832947,1110.3331060409546,1324.144986629486,702.8679256439209,1167.944789648056,823.5740860700607,137.99542170763016,-17.822446756064892,-906.1410908699036,-1706.1533505022526,-2449.3110098838806,-2997.188217140734,-2870.577850818634,-2426.897394992411,-2612.268152557313,-1988.8771100491283,-1077.847056724131,-35.549621887505054,343.75083261728287,1002.4446501731873,1248.2738699913025,793.8945634365082,1042.5708966255188
2022-04-11,686.375,835.1742515563965,775.75,814.2130968570709,1033.4112133979795,864.8092410564423,513.8460048437119,1835.6212525367737,6167.04563999176,6260.449644088745,4967.915374755859,4439.41690158844,4441.382638454437,1540.086632989347,-1014.825706243515,-1395.8352227583528,-597.2176965475082,-4.3731184378266335,280.8551611304283,783.6261126995087,1830.471281528473,1591.8784680366516,1825.9049668312075,1529.3092393875122
2022-04-12,1808.7351531982424,2384.636789798737,1794.302993774414,2367.7107334136963,2129.84850025177,2061.143587589264,1847.556876182556,2181.273307323456,6059.478635787964,6922.377907752991,4661.523447036743,4310.721974372864,3587.819366455078,1204.5326030254364,-120.12995459884404,-168.25611402839422,-39.33930233865976,-23.30065581947565,1418.6315203905106,2626.391790390014,3452.9850068092346,2070.944504261017,2189.0726928710938,1997.085601329804
2022-04-13,2261.0334334373474,1185.1025247573853,1858.9397864341736,1966.955045223236,970.1062707901,1679.0973901748655,1022.8498890399932,2538.6084880828857,6247.973497390747,4972.980576515198,3979.294115066528,1374.758879184723,1311.6678709983826,387.4447282478213,-1102.69546328485,-1241.8600853979588,-204.07785633951423,1106.0819900035858,917.0156795978546,870.8888776302338,2095.8408789634705,1151.625,1185.95130443573,1060.466426372528
2022-04-14,1314.994173526764,1613.2003331184387,1555.442008972168,1943.195478439331,1580.6621809005735,1326.0782475471497,1561.1179285049438,747.6954758167267,685.5953131318092,-177.4644502773881,-907.5495229884982,-610.1806297600269,-287.47757858783007,-2122.901154279709,-2054.373861312866,-229.19412881881,-62.67044146358967,-158.72352841496468,92.24431177228688,305.7900936603546,859.2728931903839,682.6460902690887,957.740849494934,992.4578330516816
2022-04-15,842.1061356067657,1138.6732914447784,962.8185410499572,1145.3116073608398,831.2038056850433,1303.3680720329285,786.6891020536423,171.06659334897995,635.8643174767494,1383.375279188156,918.4790493026376,240.99340488761663,-249.99153769761324,-509.63185599446297,-1164.226987220347,-900.371775008738,-537.2743166983128,115.42229898273943,530.3246394395828,1260.1137726306915,1759.3143706321716,1838.400110244751,1230.6188941001892,2017.062983989716
2022-04-16,1405.5,1773.6302671432495,1294.221697807312,1603.9805765151978,1533.4486665725708,1225.9067692756653,1016.4123196601868,914.9397912025452,492.9833512306213,-111.96131199598312,-982.196116000414,-1682.7184773683548,-1578.0840394496918,-1780.39501670748,-1149.6337911114097,219.7398066818714,-374.6575889587402,780.5421724319458,761.8181202411652,1204.9003956317902,1467.4869589805603,1231.6728630065918,1249.827968597412,1184.8282461166382
2022-04-17,1214.7212824821472,1918.9196696281435,2303.8740277290344,1943.5923919677728,1956.650940418244,1811.8700013160703,1524.9865431785583,910.8235292434692,674.4902873039246,-391.8711389452219,-625.5626578703523,-975.140778593719,-1632.395543187857,-1686.476449504495,-1696.2174517661333,-1478.695933744311,-969.513578698039,-124.44348909705876,583.6322154998779,879.6798014640808,2165.0084602832794,2183.065616130829,1650.8089604377749,2266.8634843826294
2022-04-18,2216.29647397995,2196.4425597190857,2315.233627796173,1799.9639282226562,2448.884708404541,1854.428828716278,1499.0011103153229,723.3897087574005,300.3279687166214,-165.9390216693282,-1045.7577222958207,-1296.8967085927725,-2156.662713959813,-2083.460846424103,-2201.058893993497,-1769.345579199493,-949.9971881508828,-195.8017250224948,489.3142340183258,1207.5989246368408,1953.0933675765991,1642.01886510849,2060.745418071747,1516.8904004096985
2022-04-19,2274.517196655273,1665.276358127594,1685.2674813270569,1488.8708367347715,1693.5921201705933,2301.331156730652,1371.881242275238,1075.5267782211304,1446.6297159194946,1211.0470333099363,755.6233357787132,109.59822008013724,-183.02224384993315,441.846090734005,-109.80790958553553,298.7333239465952,107.17383660376072,57.61374319344759,642.20574259758,730.091010093689,1418.6388726234436,1186.451442718506,1465.9134273529053,1129.06271982193
2022-04-20,1513.6889548301697,1384.6757760047913,1417.1276350021362,1892.6115417480469,2074.9082922935486,1782.3551607131958,1227.5744988918304,2135.2167065143585,6848.443266868591,5755.851552963257,7134.791355133057,6234.437291145325,3153.673833847046,4237.556324958801,300.1706615835428,1960.3949751853943,1120.363346576691,855.9164807796478,1215.111402273178,1327.293285369873,2668.1871700286865,2670.40802526474,2393.272490501404,3018.658453941345
2022-04-21,2460.266804218292,2232.187858104706,2251.7645835876465,1908.6820278167725,2457.5699281692505,2175.077973842621,2382.6764736175537,1705.356409072876,4490.240427017212,4338.382214546204,4128.6699504852295,4932.077830314636,5435.119033813477,4786.541213035584,1326.747088074684,1220.3874881267548,1811.088800907135,1318.4364597797394,1000.9009454250336,527.5335743427277,1513.7857925891876,870.9328515529633,1236.913705587387,752.3573803901672
2022-04-22,906.6272194385529,870.1075193881989,843.2950885295868,692.4432570934296,821.5789399147034,919.5713090896606,553.4260544776917,902.3318531513214,3176.197146892548,2948.782325744629,2785.631935596466,3239.7055463790894,3464.1718215942383,2976.115427732468,274.7016561627388,494.9259334355593,1039.315387248993,906.5686733722688,616.230299949646,550.5498057603836,1210.1785600185394,1050.3990094661713,1417.9915492534635,1294.6848032474518
2022-04-23,1240.8111917972565,1204.3881878852844,1363.1516466140747,967.157745361328,1173.9531145095823,527.125,773.418284535408,308.80840826034546,1039.9214766025543,1003.0076310634612,1126.6458146572113,1454.3579367399216,486.6791950985789,-110.39640215784311,-2803.1822034716606,-2273.667926028371,-1565.7537783384323,-762.1823786199093,18.125826120376587,321.60294073820114,888.4758648872375,1358.4210731983185,959.1151549816132,935.8032808303832
2022-04-24,666.9933409690857,865.0357990264893,632.950056552887,599.0993344783783,916.4356327056884,714.5505003929138,449.8063268661499,309.25443935394287,-87.18066577613354,-436.7949151918292,-1049.4986832737925,-2641.282481744885,-2869.5500930845737,-3219.706816583872,-2206.80909460783,-229.5146160498261,198.182853102684,187.5962815880776,364.9796043634415,258.446448802948,739.7734489440918,755.5624325275421,817.7509729862213,689.6003057956696
2022-04-25,1029.509717464447,941.9243941307068,946.2448723316191,1290.7049248218536,964.1079421043396,1367.557729721069,723.8146524429321,286.7995223328471,-165.00608476251364,-972.493227340281,-1586.1730232089758,-1614.1351536512375,-1587.7058829069138,-1670.979967713356,-1105.6272149980068,-2104.4363707304,-712.3011360019445,-309.7672580629587,-87.34809759259224,317.49306228756905,977.5079152584076,861.1548342704773,1265.2914938926697,887.1404058933258
2022-04-26,1311.0969874858856,1218.4373018741608,1096.131253242493,981.8213157653807,1225.5317823886871,712.5789406299591,434.0052726864815,536.715732395649,2695.4467267990112,1540.3064646720886,1258.031493186951,504.85724198818207,211.72308564186096,385.1307756379247,-1537.7590260133147,-1026.2564794048667,-444.9945064857602,736.2957452759147,1342.8858227729795,1416.167732000351,2129.210319757461,1167.3414251804352,1230.833524465561,1034.681334257126
2022-04-27,507.75,17.25,0.0228582974523305,0.0228582974523305,0.0228582974523305,0.0228582974523305,0.0228582974523305,0.0228582974523305,0.0228582974523305,0.0228582974523305,0.0228582974523305,0.0228582974523305,0.0228582974523305,0.0228582974523305,0.0228582974523305,0.0228582974523305,0.0228582993149757,0.0228582974523305,0.0228582974523305,0.0228582974523305,0.0228582974523305,0.0228582974523305,0.0228582974523305,0.0228582974523305
2022-04-28,0.0228582974523305,0.0228582974523305,0.0228582974523305,0.0228582974523305,0.0228582974523305,0.0228582974523305,0.0228582974523305,0.0228582974523305,0.0228582974523305,0.0228582974523305,0.0228582974523305,0.0228582974523305,0.0228582974523305,0.0228582974523305,0.0228582974523305,0.0228582974523305,0.0228582974523305,0.0228582974523305,0.0228582974523305,0.0228582974523305,0.0228582974523305,0.0228582993149757,0.0228582974523305,0.0228582974523305
2022-04-29,0.0228582974523305,0.0228582974523305,0.0228582974523305,0.0228582974523305,0.0228582974523305,0.0228582974523305,0.0228582974523305,0.0228582974523305,0.0228582974523305,0.0228582974523305,0.0228582974523305,0.0228582974523305,0.0228582974523305,0.0228582974523305,0.0228582974523305,0.0228582974523305,0.0228582974523305,0.0228582974523305,0.0228582974523305,0.0228582974523305,0.0228582974523305,0.0228582974523305,0.0228582974523305,0.0228582974523305
2022-04-30,0.0228582974523305,0.0228582974523305,0.0228582993149757,0.0228582974523305,0.0228582974523305,0.0228582974523305,0.0228582974523305,0.0228582974523305,0.0228582974523305,0.0228582974523305,0.0228582974523305,0.0228582974523305,0.0228582974523305,0.0228582974523305,0.0228582974523305,0.0228582974523305,0.0228582974523305,0.0228582974523305,0.0228582974523305,0.0228582974523305,0.0228582974523305,0.0228582974523305,0.0228582974523305,0.0228582974523305
2022-05-01,0.0228582974523305,0.0228582974523305,0.0228582974523305,0.0228582974523305,0.0228582974523305,0.0228582974523305,0.0228582974523305,0.0228582993149757,0.0228582974523305,0.0228582974523305,0.0228582974523305,0.0228582974523305,0.0228582974523305,0.0228582974523305,0.0228582974523305,0.0228582974523305,0.0228582974523305,0.0228582974523305,0.0228582974523305,0.0228582974523305,0.0228582974523305,0.0228582974523305,0.0228582974523305,0.0228582974523305
2022-05-02,0.0228582974523305,0.0228582974523305,0.0228582974523305,0.0228582974523305,0.0228582974523305,0.0228582974523305,0.0228582974523305,0.0228582974523305,0.0228582974523305,0.0228582974523305,0.0228582974523305,0.0228582974523305,0.0228582993149757,0.0228582974523305,0.0228582974523305,0.0228582974523305,0.0228582974523305,0.0228582974523305,0.0228582974523305,0.0228582974523305,0.0228582974523305,0.0228582974523305,0.0228582974523305,0.0228582974523305
2022-05-03,0.0228582974523305,0.0228582974523305,0.0228582974523305,0.0228582974523305,0.0228582974523305,0.0228582974523305,0.0228582974523305,0.0228582974523305,0.0228582974523305,0.0228582974523305,0.0228582974523305,0.0228582974523305,0.0228582974523305,0.0228582974523305,0.0228582974523305,0.0228582974523305,0.0228582974523305,0.0228582993149757,0.0228582974523305,0.0228582974523305,0.0228582974523305,0.0228582974523305,0.0228582974523305,0.0228582974523305
2022-05-04,0.0228582974523305,0.0228582974523305,0.0228582974523305,0.0228582974523305,0.0228582974523305,0.0228582974523305,0.0228582974523305,0.0228582974523305,0.0228582974523305,0.0228582974523305,0.0228582974523305,0.0228582974523305,0.0228582974523305,0.0228582974523305,0.0228582974523305,0.0228582974523305,0.0228582974523305,0.0228582974523305,0.0228582974523305,0.0228582974523305,0.0228582974523305,0.0228582974523305,0.0228582993149757,0.0228582974523305
2022-05-05,0.0228582974523305,0.0228582974523305,0.0228582974523305,0.0228582974523305,0.0228582974523305,0.0228582974523305,0.0228582974523305,0.0228582974523305,0.0228582974523305,0.0228582974523305,0.0228582974523305,0.0228582974523305,0.0228582974523305,0.0228582974523305,0.0228582974523305,0.0228582974523305,0.0228582974523305,0.0228582974523305,0.0228582974523305,0.0228582974523305,0.0228582974523305,0.0228582974523305,0.0228582974523305,0.0228582974523305
2022-05-06,0.0228582974523305,0.0228582974523305,0.0228582974523305,0.0228582993149757,0.0228582974523305,0.0228582974523305,0.0228582974523305,0.0228582974523305,0.0228582974523305,0.0228582974523305,0.0228582974523305,0.0228582974523305,0.0228582974523305,0.0228582974523305,0.0228582974523305,0.0228582974523305,0.0228582974523305,0.0228582974523305,-262.6479379516095,-262.6479379516095,-262.64793795347214,-262.6479379516095,-262.6479379516095,-262.6479379516095
2022-05-07,-262.6479379516095,-262.6479379516095,-262.64793795347214,-262.6479379516095,-262.6479379516095,-262.6479379516095,-262.6479379516095,-262.64793795347214,-262.6479379516095,-262.6479379516095,-262.6479379516095,-262.6479379516095,-262.6479379516095,-262.64793795347214,-262.6479379516095,-262.6479379516095,-262.6479379516095,-262.6479379516095,-262.6479379516095,-262.64793795347214,-262.6479379516095,-262.6479379516095,-262.6479379516095,-262.6479379516095
2022-05-08,-262.64793795347214,-262.6479379516095,-262.6479379516095,-262.6479379516095,-262.6479379516095,-262.6479379516095,-262.64793795347214,-262.6479379516095,-262.6479379516095,-262.6479379516095,-262.6479379516095,-262.64793795347214,-262.6479379516095,-262.6479379516095,-262.6479379516095,-262.6479379516095,-262.6479379516095,-262.64793795347214,-262.6479379516095,-262.6479379516095,-262.6479379516095,-262.6479379516095,-262.64793795347214,-262.6479379516095
2022-05-09,-262.6479379516095,-262.6479379516095,-262.6479379516095,-262.6479379516095,-262.64793795347214,-262.6479379516095,-262.6479379516095,-262.6479379516095,-262.6479379516095,-262.6479379516095,-262.64793795347214,-262.6479379516095,-262.6479379516095,-262.6479379516095,-262.6479379516095,-262.64793795347214,-262.6479379516095,-262.6479379516095,-262.6479379516095,-262.6479379516095,-262.6479379516095,-262.64793795347214,-262.6479379516095,-262.6479379516095
2022-05-10,-262.6479379516095,-262.6479379516095,-262.64793795347214,-262.6479379516095,-262.6479379516095,-262.6479379516095,-262.6479379516095,-262.6479379516095,-262.64793795347214,-262.6479379516095,-262.6479379516095,-262.6479379516095,-262.6479379516095,-262.64793795347214,-262.6479379516095,-262.6479379516095,-262.6479379516095,-262.6479379516095,-262.6479379516095,-262.64793795347214,-262.6479379516095,-262.6479379516095,-262.6479379516095,-262.6479379516095
2022-05-11,-262.6479379516095,-262.64793795347214,-262.6479379516095,-262.6479379516095,-262.6479379516095,-262.6479379516095,-262.64793795347214,-262.6479379516095,-262.6479379516095,-262.6479379516095,-262.6479379516095,-262.6479379516095,-262.64793795347214,-262.6479379516095,-262.6479379516095,-262.6479379516095,-262.6479379516095,-262.64793795347214,-262.6479379516095,-262.6479379516095,-262.6479379516095,-262.6479379516095,-262.6479379516095,-262.64793795347214
2022-05-12,-262.6479379516095,-262.6479379516095,-262.6479379516095,-262.6479379516095,-262.64793795347214,-262.6479379516095,-262.6479379516095,-262.6479379516095,-262.6479379516095,-262.6479379516095,-262.64793795347214,-262.6479379516095,-262.6479379516095,-262.6479379516095,-262.6479379516095,-262.6479379516095,-262.64793795347214,-262.6479379516095,-262.6479379516095,-262.6479379516095,-262.6479379516095,-262.64793795347214,-262.6479379516095,-262.6479379516095
2022-05-13,-262.6479379516095,-262.6479379516095,-262.6479379516095,-262.64793795347214,-262.6479379516095,-262.6479379516095,-262.6479379516095,-262.6479379516095,-262.64793795347214,-262.6479379516095,-262.6479379516095,-262.6479379516095,-262.6479379516095,-262.6479379516095,-262.64793795347214,-262.6479379516095,-262.6479379516095,-262.6479379516095,-262.6479379516095,-262.64793795347214,-262.6479379516095,-262.6479379516095,-262.6479379516095,-262.6479379516095
2022-05-14,-262.6479379516095,-262.64793795347214,-262.6479379516095,-262.6479379516095,-262.6479379516095,-262.6479379516095,-262.6479379516095,-262.64793795347214,-262.6479379516095,-262.6479379516095,-262.6479379516095,-262.6479379516095,-262.64793795347214,-262.6479379516095,-262.6479379516095,-262.6479379516095,-262.6479379516095,-262.6479379516095,-262.64793795347214,-262.6479379516095,-262.6479379516095,-262.6479379516095,-262.6479379516095,-262.64793795347214
2022-05-15,-262.6479379516095,-262.6479379516095,-262.6479379516095,-262.6479379516095,-262.6479379516095,-262.64793795347214,-262.6479379516095,-262.6479379516095,-262.6479379516095,-262.6479379516095,-262.64793795347214,-262.6479379516095,-262.6479379516095,-262.6479379516095,-262.6479379516095,-262.6479379516095,-262.64793795347214,-262.6479379516095,-262.6479379516095,-262.6479379516095,-262.6479379516095,-262.6479379516095,-262.64793795347214,-262.6479379516095
2022-05-16,-262.6479379516095,-262.6479379516095,-262.6479379516095,-262.64793795347214,-262.6479379516095,-262.6479379516095,-262.6479379516095,-262.6479379516095,-262.6479379516095,-262.64793795347214,-262.6479379516095,-262.6479379516095,-262.6479379516095,-262.6479379516095,-262.64793795347214,-262.6479379516095,-262.6479379516095,-262.6479379516095,-262.6479379516095,-262.6479379516095,-262.64793795347214,-262.6479379516095,-262.6479379516095,-262.6479379516095
2022-05-17,-262.6479379516095,-262.64793795347214,-262.6479379516095,-262.6479379516095,-262.6479379516095,-262.6479379516095,-262.6479379516095,-262.64793795347214,-262.6479379516095,-262.6479379516095,-262.6479379516095,-262.6479379516095,-262.6479379516095,-262.64793795347214,-262.6479379516095,-262.6479379516095,-262.6479379516095,-262.6479379516095,-262.64793795347214,-262.6479379516095,-262.6479379516095,-262.6479379516095,-262.6479379516095,-262.6479379516095
2022-05-18,-262.64793795347214,-262.6479379516095,-262.6479379516095,-262.6479379516095,-262.6479379516095,-262.64793795347214,-262.6479379516095,-262.6479379516095,-262.6479379516095,-262.6479379516095,-262.6479379516095,-262.64793795347214,-262.6479379516095,-262.6479379516095,-262.6479379516095,-262.6479379516095,-262.64793795347214,-262.6479379516095,-262.6479379516095,-262.6479379516095,-262.6479379516095,-262.6479379516095,-262.64793795347214,-262.6479379516095
2022-05-19,-262.6479379516095,-262.6479379516095,-262.6479379516095,-262.6479379516095,-262.64793795347214,-262.6479379516095,-262.6479379516095,-262.6479379516095,-262.6479379516095,-262.64793795347214,-262.6479379516095,-262.6479379516095,-262.6479379516095,-262.6479379516095,-262.6479379516095,-262.64793795347214,-262.6479379516095,-262.6479379516095,-262.6479379516095,-262.6479379516095,-262.64793795347214,-262.6479379516095,-262.6479379516095,-262.6479379516095
2022-05-20,-262.6479379516095,-262.6479379516095,-262.64793795347214,-262.6479379516095,-262.6479379516095,-262.6479379516095,-262.6479379516095,-262.64793795347214,-262.6479379516095,-262.6479379516095,-262.6479379516095,-262.6479379516095,-262.6479379516095,-262.64793795347214,-262.6479379516095,-262.6479379516095,-262.6479379516095,-262.6479379516095,-262.6479379516095,-262.64793795347214,-262.6479379516095,-262.6479379516095,-262.6479379516095,-262.6479379516095
2022-05-21,-262.64793795347214,-262.6479379516095,-262.6479379516095,-262.6479379516095,-262.6479379516095,-262.6479379516095,-262.64793795347214,-262.6479379516095,-262.6479379516095,-262.6479379516095,-262.6479379516095,-262.64793795347214,-262.6479379516095,-262.6479379516095,-262.6479379516095,-262.6479379516095,-262.6479379516095,-262.64793795347214,-262.6479379516095,-262.6479379516095,-262.6479379516095,-262.6479379516095,-262.64793795347214,-262.6479379516095
2022-05-22,-262.6479379516095,-262.6479379516095,-262.6479379516095,-262.6479379516095,-262.64793795347214,-262.6479379516095,-262.6479379516095,-262.6479379516095,-262.6479379516095,-262.6479379516095,-262.64793795347214,-262.6479379516095,-262.6479379516095,-262.6479379516095,-262.6479379516095,-262.64793795347214,-262.6479379516095,-262.6479379516095,-262.6479379516095,-262.6479379516095,-262.6479379516095,-262.64793795347214,-262.6479379516095,-262.6479379516095
2022-05-23,-262.6479379516095,-262.6479379516095,-262.64793795347214,-262.6479379516095,-262.6479379516095,-262.6479379516095,-262.6479379516095,-262.6479379516095,-262.64793795347214,-262.6479379516095,-262.6479379516095,-262.6479379516095,-262.6479379516095,-262.64793795347214,-262.6479379516095,-262.6479379516095,-262.6479379516095,-262.6479379516095,-262.6479379516095,-262.64793795347214,-262.6479379516095,-262.6479379516095,-262.6479379516095,-262.6479379516095
2022-05-24,-262.6479379516095,-262.64793795347214,-262.6479379516095,-262.6479379516095,-262.6479379516095,-262.6479379516095,-262.64793795347214,-262.6479379516095,-262.6479379516095,-262.6479379516095,-262.6479379516095,-262.6479379516095,-262.64793795347214,-262.6479379516095,-262.6479379516095,-784.950957775116,-469.3700502216816,91.01912128925323,2188.35710477829,2326.220866203308,1954.950748920441,1477.565761566162,1171.0883741378784,1287.6738357543943
2022-05-25,1265.5899004936218,1151.1972823143003,1680.879032611847,1618.3580751419067,1485.221842765808,1817.750828266144,546.5220592021942,2242.978219985962,3442.652471065521,2934.787597179413,969.8128464221954,547.0840716362,140.06942622363567,-360.8550617396832,-955.2126539945602,-929.2922120764852,319.3529139086604,1226.2221190929413,1309.0449477434158,582.8541907072067,1208.427166223526,1252.4897389411926,1324.5685467720032,842.2020008563995
2022-05-26,1395.8043949604034,920.9897367954254,865.6477544307709,1000.3453171253204,670.2429246902466,515.985155582428,226.48335146903992,1262.216425895691,5621.295225143433,5944.765982627869,5278.818539619446,4711.842259407044,4732.216984272003,1215.4660762250423,167.86323669552803,1030.8471175432203,2257.927170276642,1678.4920935630798,754.3587679862976,1146.6065418720243,722.7203109264374,790.2769162654877,722.3614041805267,812.9132924079895
2022-05-27,966.6755032539368,728.0738079547882,893.628331899643,1276.8170161247251,1142.675228357315,1239.6986773014069,612.7542989850044,2518.6183409690857,4705.166484832764,6615.299252510071,3888.8364305496216,2847.430631160736,2313.3670892715454,798.2226693630219,779.6567646190524,938.3231077715756,1387.8171463012695,1489.978909254074,87.99708652496338,473.7039378881455,954.2407057285308,1277.5328860282898,1357.3443460464478,1033.544676065445
2022-05-28,1095.0080482959747,1280.7525029182434,1089.215458393097,912.7106020450592,737.2097675800323,786.1467816829681,258.3394844532013,413.2404272556305,1602.6030797958374,1187.784826040268,334.9313253387809,-430.3716594278813,-474.0863268449903,-819.9479125291109,-111.455816693604,7.016631744801998,12.634531371295452,539.370279788971,82.36917304992676,33.3665883038193,33.3665883038193,33.3665883038193,33.3665883038193,33.3665883038193
2022-05-29,33.3665883038193,33.3665883038193,33.3665883038193,33.3665883038193,33.366588305681944,33.3665883038193,33.3665883038193,33.3665883038193,33.3665883038193,33.3665883038193,33.3665883038193,33.3665883038193,33.3665883038193,33.3665883038193,33.3665883038193,33.3665883038193,33.3665883038193,33.3665883038193,33.3665883038193,33.3665883038193,33.3665883038193,33.3665883038193,33.3665883038193,33.366588305681944
2022-05-30,33.3665883038193,33.3665883038193,33.3665883038193,33.3665883038193,33.3665883038193,33.3665883038193,33.3665883038193,33.3665883038193,33.3665883038193,959.9644843935966,83.65383952111006,-422.877765648067,401.8420052975416,-46.27612425386906,-1806.9540817812083,-533.0325317308307,-588.4063806608319,-738.1060755997896,-26.676626726984978,369.2533277273178,598.2952283620834,972.5215032100676,902.7626240253448,984.4413146972656
2022-05-31,1057.815759897232,902.7999441623688,1196.3858196735382,969.4894556999208,1356.180494070053,902.246113538742,485.4087088704109,281.6478915512562,1387.555077791214,527.6075196266174,668.4696168899536,1057.2644267082214,968.3637617826462,-123.0173565670848,-1123.2679977491498,-1632.7291419282556,-1235.646481372416,-557.0131710767746,448.0580174550414,1018.6008622646332,1573.798419713974,1686.4156470298767,1340.2971682548523,1355.576996088028
2022-06-01,1415.2880120277405,1186.9109315872192,1304.1288831233978,1107.07297205925,1368.1451137065887,677.9446449279785,615.9361819028854,831.45907330513,1598.3662600517273,1486.704217672348,1042.1706154346466,928.8273522853852,560.4791424274445,175.26468393206596,-1961.2102374732488,-2034.0311318039887,-1700.9522573947906,-618.3047455921769,-57.64881476759911,188.0807433128357,357.044810295105,1065.9067704677582,884.2902331352234,822.8333795070648
2022-06-02,970.6327688694,796.4705882072449,1001.827691078186,1059.1230573654177,1144.9582402706146,939.1158422231674,349.10599172115326,237.1594061255455,-172.95581702142954,-907.4882484972476,-1478.0836188197136,-2076.117132663727,-2427.413933292032,-2234.096561126411,-1997.527863264084,-1904.611649036408,-1365.901176929474,-655.9361482858658,-60.76270520687103,190.43826323747635,540.8937274217606,1353.3995566368103,1262.3544671535492,1472.0894832611084
2022-06-03,1483.0020830631256,1116.051885843277,1311.0385701656342,990.5541071891784,956.4636518955232,639.5159542560577,199.5824081897736,290.0439784526825,1146.6587080955503,1638.41663980484,3243.6926651000977,1242.6172380447388,851.2773197963834,259.5113338828087,-649.5177068188787,-1463.767293818295,-609.4963201731443,79.51045116782188,206.093489445746,718.9832142591476,438.5224746465683,1189.7110142707825,988.3576567173004,1040.5701978206637
2022-06-04,958.710598230362,1052.795227766037,1165.8278303146362,1299.1272192001345,1196.1821579933169,1111.1266647577286,499.0428696870804,610.7566605806351,1736.4048278331757,1331.7130987644196,1019.6481721401216,698.4958384037018,1058.958658695221,1062.9334075450895,13.697092033922672,-1656.938056230545,-1262.671501159668,-353.5801964402199,27.64396870881319,122.60432848334312,283.80299603939056,1203.812296628952,884.1470623016357,1188.035380601883
2022-06-05,1017.716012954712,1212.228366136551,1266.5643780231476,1271.0173478126526,914.815346956253,754.123061299324,234.66509395837784,175.71295773983002,57.16460055112839,8.892187654972076,-650.0514803007245,-1540.6385849118233,-1854.181657075882,-2113.570340067148,-610.7865597903728,-854.5976745858788,-672.8848882466555,-604.4637020081282,-6.655850350856781,257.2540240287781,370.263872385025,1294.594205379486,760.9128758907318,1026.0728397369385
2022-06-06,748.293564081192,1142.7992539405825,648.9769704341888,697.5889296531677,674.1014153957367,576.3762495517731,301.425776720047,420.10696375370026,1143.9943180084229,925.7108784541488,294.52482165396214,0.0,0.0,393.2783489227295,-97.1485115289688,-122.59293251484632,-857.7014707624912,0.0,-116.6590005904436,239.5519980788231,463.0879989862442,963.0950033664705,1337.7680027484894,1118.1230022907257
2022-06-07,620.2070004940033,1229.1140038967133,651.1210000514984,788.8529999256134,761.4759995937347,460.3529996871948,240.91999876499176,246.92799949646,3098.821008205414,3349.8140120506287,2136.9309961795807,1625.2979996204376,1137.978999376297,-100.61500009894372,-1558.7430048286917,-1754.1319965720177,-750.5519993901253,-724.3200008422136,358.23699936270714,910.3369998931884,914.3289997577668,774.175000667572,693.2970006465912,920.1230010986328
2022-06-08,1034.3319997787476,793.2930006980896,945.7560021877288,1138.9889981746674,1339.2590081691742,583.8979989290237,642.4139988422394,478.4839991331101,2013.0520000457764,1319.1859984397888,349.0709997266531,-119.85400150716303,-784.5650029182434,-1115.7660008966925,-1400.334999859333,-1517.0839984714985,-539.76899933815,-402.47700068354607,87.34699879586697,289.4980005025864,547.7429988384247,1156.7339987754822,1263.4810016155243,1112.291998386383
2022-06-09,1267.2730000019071,723.3380002975464,1098.9340040683746,788.429000377655,951.9069981575012,626.7799997329712,347.0139989852905,343.29800021648407,1685.8500010967257,763.7640002965927,397.062999419868,472.4989962503314,-1624.2420072555542,-20.67499929666519,-469.8189998716116,1.6560002118349075,-397.221000701189,-451.3860016465187,77.90000003576279,143.23000019788742,363.6639988422394,741.9430005550385,874.2610011100769,895.0370004177094
2022-06-10,875.0569994449615,967.5860004425048,1159.94300198555,1321.005000114441,1343.9450035095217,917.9590007066728,419.577996969223,315.89899978786707,-156.8370006158948,-1039.1620012372732,-1474.3980038166046,-2094.789998024702,-2609.9299994707108,-2419.322978258133,-2610.454986333847,-1688.233997821808,-1136.812996506691,-232.03400081396103,260.3850005865097,709.1499996185303,1227.7339951992035,1666.439992427826,2133.614987850189,1620.5339941978457
2022-06-11,2344.6029844284058,1684.4719915390017,2285.068989753723,1228.097999572754,1848.1629943847656,916.7389998435974,715.608998298645,454.0919997692108,202.69900000095367,-219.5939998924732,-889.7959990501404,-1488.187002837658,-2599.090985059738,-2570.336991071701,-2921.702991485596,-2125.79901252687,-1891.3149983882904,-1018.4289970397948,-142.59800060093403,371.4329979419708,322.69199788570404,853.8559975624084,725.92799949646,769.7100005149841
2022-06-12,594.7200000286102,813.643000125885,762.2239997386932,787.7689998149872,922.2010028362274,504.0479997396469,464.0689948797226,291.87199980020523,-191.47200080007315,-1025.6529945135117,-1596.8539944291117,-2363.139011621475,-940.612993001938,93.97490043565632,93.97490043751895,93.97490043565632,93.97490043751895,93.97490043565632,93.97490043565632,93.97490043751895,93.97490043565632,93.97490043751895,93.97490043565632,3501.206022500992
2022-06-13,1227.4410045146942,1028.758996963501,1005.8489983081818,1077.044003009796,1367.651000738144,655.2259987592697,269.2869975566864,156.0770001411438,-127.24100053310394,-889.1129983663559,-1094.233001768589,-2107.749006807804,-2422.6140348911285,-2499.884003460408,-2832.5809943675995,-2406.03799200058,-1489.32600492239,-800.5739986598492,34.81999813020229,260.8919991850853,318.66699838638306,1006.6310038566588,597.4839999675751,881.1950016021729
2022-06-14,766.32000041008,704.7170000076294,699.8070001602173,601.606999874115,756.4960007667542,736.8129979372025,329.6459972858429,339.60399824380875,-147.66100071370602,-876.1939983963966,-1820.3110001087189,-2231.9909884929657,-2392.264016032219,-2081.4000227451324,-2323.1130232810974,-1907.468991279602,-2005.746988773346,-865.4139955043793,-41.01999987661839,187.2009998559952,223.73299968242645,842.1659984588623,929.2600016593932,1190.9300050735474
2022-06-15,1131.246996641159,1068.4870002269745,1372.10800075531,887.132000207901,1088.5080053806305,455.85599994659424,381.236996114254,150.59400010108948,-77.69300024211407,-381.74299934506416,-1180.661998271942,-1723.3129918575287,-2164.897999048233,-2290.935012578964,-2407.821980953217,-2091.8470158576965,-1734.29500746727,1348.6900000572205,1234.3069958686829,2804.027006864548,1077.7470045089722,1137.0460047721865,1411.306003332138,891.6379995346069
2022-06-16,1437.2670013904572,887.4540021419525,846.9369995594025,813.4030010700226,1090.9040040969849,817.2799972295761,345.0139971971512,197.3179990053177,-117.47300081700088,-840.0189991593361,-1354.966005504131,-2035.034001469612,-2073.4869935512543,-2608.8620257377625,-498.5630106925965,-234.3680014163256,-1169.2159942537546,-403.9170016050339,-43.03600044548512,103.02500006556512,210.34799909591675,658.6790001392365,674.9800000190735,854.1389985084534
2022-06-17,1094.420997619629,888.2120003700256,937.0940010547638,1042.8729994297028,1186.319001913071,928.5780005455016,469.0409964323044,183.7840010523796,-77.60600047558546,-573.4609977602959,-1177.468000352383,-1524.4890050888062,-1404.055998146534,-1795.0120010375977,-335.1889998316765,7.905000016093254,-131.28099942207336,-36.130999848246574,-4.587999850511551,178.19199937582016,381.8779967427254,1422.4659991264343,867.7169990539551,1425.9709968566897
2022-06-18,1091.661998271942,1152.0679993629456,953.69899892807,968.638998746872,990.2909989356996,624.6879994869232,317.25199872255325,94.59700030088425,-172.2100006043911,-525.9439988732338,-1190.9020000100136,-2046.8170042037964,-2408.076989173889,-3099.8249883651733,-2808.2669949531555,-2220.1090109348297,-1789.8759973049164,-822.2800010442734,-171.75400089472532,98.59200042486192,293.7789981365204,576.0770007371902,576.0770007371902,793.6239995956421
2022-06-19,757.5959994792938,1095.9569988250732,830.0090000629425,1131.1469991207125,959.8209991455078,768.447998046875,358.35199892520905,312.8439996242523,-242.3420001938939,-1131.4959981441498,-1522.0640054941175,-2494.943003177643,-2181.6899700164795,-2523.923983335495,-2144.5939886569977,-1645.304000377655,-1764.818994998932,-911.7409983873368,-141.6130010932684,273.6259983778,530.0259939432144,1179.773000717163,1189.3689992427826,1027.2259984016418
2022-06-20,1399.409994840622,1076.5759966373444,884.3519992828369,990.2679998874664,849.2559993267059,502.5559985637665,187.46399986743927,163.31900072097778,73.68500019609928,-627.754999935627,-1031.018001079559,-977.2410002946854,-1359.251996636391,-1629.585986852646,-3115.682020664215,-2226.360002577305,-1639.5039927959442,-989.334999203682,-127.63500036299229,187.8950011730194,328.6509974002838,781.3799988031387,857.283998966217,873.9819984436035
2022-06-21,770.1999990940094,705.793999671936,1021.3639976978302,910.4749987125396,1136.9099979400637,869.891996383667,376.9459984302521,217.02499812841413,-138.47200095653534,-842.9349955916405,-1386.2410044670105,-1672.5180048942566,-2442.730984926224,-2103.8260061740875,-2302.8090283870697,-1955.939994573593,-1347.7939952611923,-778.1569986343384,-24.304999858140945,217.0370004177093,304.77899861335754,1274.7209978103638,1003.5379977226256,1370.2629964351654
2022-06-22,1092.5379960536957,1364.2919940948486,1153.1959962844849,1118.718997001648,1013.1629977226256,904.0049954652786,287.1339998245239,61.36800009012222,-65.5420003682375,-611.2590003609657,-871.800996825099,-1412.4060055017471,-1662.4910006523132,-1878.1209929585457,-1755.5869968533516,-1830.600008130073,-637.0149990320206,-178.16100031137466,-64.92100022733212,197.1420006155968,355.1179963350296,1216.7819941043854,827.8670001029968,1184.5899965763092
2022-06-23,671.0759992599487,830.1809990406036,650.9719998836517,820.7889997959137,692.7519991397858,486.2819989919663,355.3639965057373,62.82700057327747,-11.36799982190132,-461.1390005350113,89.96599751710892,-621.6979987472296,-911.8689990639688,-98.17899999767542,-1.345999851822853,-1149.7260025143623,-390.7830001413822,-394.3009983599186,15.498000025749208,58.45100025832653,235.9409990310669,763.3219995498657,996.086998462677,1115.2289991378784
2022-06-24,928.2569987773896,1218.7249958515167,1083.4339981079102,1471.9319989681244,1168.5099968910215,894.8529975414276,155.72999995946884,240.6620008945465,433.4609993696213,1536.7200002670288,369.6459987387061,-579.2889962941408,-1893.9530083537104,-1887.78400105238,-1633.7670013606548,-750.3819995298982,-233.81099842488769,269.9539992287755,-159.8060009330511,328.57499903440475,397.46899634599686,1242.9540033340454,733.6759996414185,1410.59299659729
2022-06-25,1085.6719980239868,899.5999979972839,909.8940000534058,680.9559998512268,1014.6769988536836,476.4610002040863,274.0299983024597,158.5560005903244,285.959999024868,397.6309989094734,-512.2159996703267,-1061.0109995007515,-2308.207011461258,-1929.2890082001688,-2876.6919918060303,-1090.287000566721,-1168.9469984173777,-797.3749986290932,-163.93899981677532,77.90100006759167,242.6749985218048,626.824000120163,799.235999584198,968.5029969215392
2022-06-26,830.7399985790253,1081.9969956874847,877.7669992446899,1302.9189972877502,1247.9980006217957,894.6190015077591,364.9729971885681,196.52500075101847,-216.9070012122393,-897.6050016880035,-1469.4169983267784,-2105.4829931259155,-2358.519023895264,-2262.369043111801,-2039.253001689911,-1776.1529894471169,-1228.522992670536,-660.273997604847,-91.64400045573711,302.34699761867523,435.3409945964813,1230.8989975452423,1236.7489967346191,1136.4950006008148
2022-06-27,1081.6040029525757,1173.786003112793,760.7339994907379,897.1630005836487,1204.9409987926483,544.1859998703003,214.56299877166748,66.58200009167194,-88.75400014221668,-308.8049956038594,-1288.564997792244,0.0,-2.7229887694120407,-0.1030000001192092,-0.1250000018626451,-0.1140000019222498,-0.0240000002086162,-0.0050000008195638,0.0020000003278255,0.0030000004917383,0.007999999448657,0.4390000123530626,0.6420000195503235,0.2620000075548887
2022-06-28,0.4100000131875276,0.5730000175535679,0.5230000149458647,0.1010000016540288,0.3510000091046095,0.1700000055134296,0.0060000009834766,0.0060000009834766,-0.004000000655651,-0.0640000011771917,-0.0620000027120113,-0.0870000012218952,-0.075000001117587,-0.0030000004917383,-0.0060000009834766,0.0010000001639127,-0.0020000003278255,0.0060000009834766,-0.0089999996125698,0.0070000011473894,0.025000000372529,0.0070000011473894,0.004000000655651,0.0310000013560056
2021-09-17,0.0,0.0,0.0,0.0,0.0,0.0,0.0,0.0,0.0,0.0,0.0,0.0,0.0,0.0,0.0,0.0,0.0,0.0,0.0,0.0,0.0,0.0,0.0,0.0
2021-09-18,0.0,0.0,0.0,0.0,0.0,0.0,0.0,0.0,0.0,0.0,0.0,0.0,0.0,0.0,0.0,0.0,0.0,0.0,0.0,0.0,0.0,0.0,0.0,0.0
2021-09-19,0.0,0.0,0.0,0.0,0.0,0.0,0.0,0.0,0.0,0.0,0.0,0.0,0.0,0.0,0.0,0.0,0.0,0.0,0.0,0.0,0.0,0.0,0.0,0.0
2021-09-20,0.0,0.0,0.0,0.0,0.0,0.0,0.0,0.0,0.0,0.0,0.0,0.0,0.0,0.0,0.0,0.0,0.0,0.0,0.0,0.0,0.0,0.0,0.0,0.0
2021-09-21,0.0,0.0,0.0,0.0,0.0,0.0,0.0,0.0,0.0,0.0,0.0,0.0,0.0,0.0,0.0,0.0,0.0,0.0,0.0,0.0,0.0,0.0,0.0,0.0
2021-09-22,0.0,0.0,0.0,0.0,0.0,0.0,0.0,0.0,0.0,0.0,0.0,0.0,0.0,0.0,0.0,0.0,0.0,0.0,0.0,0.0,0.0,0.0,0.0,0.0
2021-09-23,0.0,0.0,0.0,0.0,0.0,0.0,0.0,0.0,0.0,0.0,0.0,0.0,0.0,0.0,0.0,0.0,0.0,0.0,0.0,0.0,0.0,0.0,0.0,0.0
2021-09-24,0.0,0.0,0.0,0.0,0.0,0.0,0.0,0.0,0.0,0.0,0.0,0.0,0.0,0.0,0.0,0.0,0.0,0.0,0.0,0.0,0.0,0.0,0.0,0.0
2021-09-25,0.0,0.0,0.0,0.0,0.0,0.0,0.0,0.0,0.0,0.0,0.0,0.0,0.0,0.0,0.0,0.0,0.0,0.0,0.0,0.0,0.0,0.0,0.0,0.0
2021-09-26,0.0,0.0,0.0,0.0,0.0,0.0,0.0,0.0,0.0,0.0,0.0,0.0,0.0,0.0,0.0,0.0,0.0,0.0,0.0,0.0,0.0,0.0,0.0,0.0
2021-09-27,0.0,0.0,0.0,0.0,0.0,0.0,0.0,0.0,0.0,0.0,0.0,0.0,0.0,0.0,0.0,0.0,0.0,0.0,0.0,0.0,0.0,0.0,0.0,0.0
2021-09-28,0.0,0.0,0.0,0.0,0.0,0.0,0.0,0.0,0.0,0.0,0.0,0.0,0.0,0.0,0.0,0.0,0.0,0.0,0.0,0.0,0.0,0.0,0.0,0.0
2021-09-29,0.0,0.0,0.0,0.0,0.0,0.0,0.0,0.0,0.0,0.0,0.0,0.0,0.0,0.0,0.0,0.0,0.0,0.0,0.0,0.0,0.0,0.0,0.0,0.0
2021-09-30,0.0,0.0,0.0,0.0,0.0,0.0,0.0,0.0,0.0,0.0,0.0,0.0,0.0,0.0,0.0,0.0,0.0,0.0,0.0,0.0,0.0,0.0,0.0,0.0
